sample_id,sample_date,k,no3_n,mg,ca,nh4_n
Q1,1988-01-05,0.76,132,2.66,4.06,19
Q1,1988-01-12,0.77,134,2.61,4.08,18
Q1,1988-01-19,0.75,125,2.67,4.16,21
Q1,1988-01-26,0.74,123,2.85,4.41,14
Q1,1988-01-29,0.86,77,1.48,2.4,21
Q1,1988-01-29,0.83,81,1.35,2.06,31
Q1,1988-01-29,0.91,281,1.64,2.65,27
Q1,1988-01-29,0.84,267,1.41,2.63,24
Q1,1988-01-29,0.86,242,1.59,2.67,21
Q1,1988-02-02,0.76,138,1.71,2.78,80
Q1,1988-02-02,0.79,168,1.62,2.57,17
Q1,1988-02-03,NA,NA,NA,NA,NA
Q1,1988-02-04,NA,NA,NA,NA,NA
Q1,1988-02-09,0.8,149,2.73,4.09,54
Q1,1988-02-10,NA,NA,NA,NA,NA
Q1,1988-02-16,0.77,113,2.67,4.04,20
Q1,1988-02-23,0.85,152,2.94,4.39,28
Q1,1988-03-01,0.81,144,2.96,4.31,18
Q1,1988-03-08,0.5,144,2.12,3.89,25
Q1,1988-03-15,0.7,148,2.72,4.02,34
Q1,1988-03-23,0.73,144,2.76,4.05,13
Q1,1988-03-29,0.97,291,1.48,3.16,8
Q1,1988-03-29,1.13,283,1.47,3.22,7
Q1,1988-03-29,0.86,239,1.7,2.72,10
Q1,1988-03-29,1.07,291,1.09,1.31,20
Q1,1988-03-29,1.07,300,1.11,1.29,8
Q1,1988-03-29,1.17,261,1.49,3.7,13
Q1,1988-03-29,1.11,265,1.16,1.38,31
Q1,1988-03-29,1.06,252,1.19,1.34,16
Q1,1988-04-05,0.82,135,2.31,2.75,26
Q1,1988-04-12,0.71,141,2.77,4.22,34
Q1,1988-04-19,0.85,150,2.57,3.82,16
Q1,1988-04-26,0.74,142,2.87,4.3,28
Q1,1988-05-03,0.75,139,2.82,4.18,65
Q1,1988-05-10,1.19,142,2.24,3.6,69
Q1,1988-05-10,NA,NA,NA,NA,NA
Q1,1988-05-10,NA,NA,NA,NA,NA
Q1,1988-05-10,NA,NA,NA,NA,NA
Q1,1988-05-10,1.2,203,1.44,2.58,10
Q1,1988-05-17,NA,148,1.12,1.12,237
Q1,1988-05-24,0.75,149,1.2,1.34,63
Q1,1988-05-31,0.9,156,2.57,3.16,61
Q1,1988-06-07,0.8,147,2.91,3.58,59
Q1,1988-06-14,0.79,NA,2.85,3.53,68
Q1,1988-06-21,0.81,NA,1.95,2.66,158
Q1,1988-06-28,0.71,NA,2.71,4.87,NA
Q1,1988-07-05,0.78,NA,2.84,3.41,NA
Q1,1988-07-12,NA,NA,0.54,NA,NA
Q1,1988-07-19,0.73,NA,1.84,2.54,NA
Q1,1988-07-22,0.82,NA,2.47,3.2,NA
Q1,1988-07-26,NA,NA,NA,NA,NA
Q1,1988-07-26,0.71,NA,1.65,2.43,NA
Q1,1988-08-02,0.73,NA,2.9,3.48,NA
Q1,1988-08-09,0.81,NA,2.92,3.56,NA
Q1,1988-08-16,0.84,NA,2.85,3.49,16
Q1,1988-08-23,0.87,135,2.71,3.95,NA
Q1,1988-08-24,0.76,8,0.86,1.23,NA
Q1,1988-08-24,NA,7,NA,NA,NA
Q1,1988-08-24,0.77,NA,NA,1.79,NA
Q1,1988-08-24,0.48,11,0.47,0.75,NA
Q1,1988-08-24,0.9,10,0.79,1.32,NA
Q1,1988-08-30,0.78,150,2.62,3.29,NA
Q1,1988-09-06,0.69,120,2.76,3.9,15
Q1,1988-09-13,0.79,192,1.53,0.7,NA
Q1,1988-09-20,0.75,150,2.64,3.75,47
Q1,1988-09-27,0.71,149,2.66,4.21,NA
Q1,1988-10-04,0.73,43,2.09,3.05,59
Q1,1988-10-11,0.75,151,2.58,5.02,49
Q1,1988-10-18,NA,154,NA,NA,46
Q1,1988-10-25,0.88,146,2.56,3.97,NA
Q1,1988-11-01,0.86,143,2.72,4.28,NA
Q1,1988-11-07,0.87,137,2.73,4.34,NA
Q1,1988-11-15,0.99,130,2.68,4.22,NA
Q1,1988-11-22,0.86,139,2.31,3.82,NA
Q1,1988-11-29,0.82,139,2.8,4.2,NA
Q1,1988-12-06,0.82,139,2.5,4.24,NA
Q1,1988-12-13,1.05,149,2.65,4.23,NA
Q1,1988-12-20,0.93,156,2.75,4.26,NA
Q1,1988-12-27,0.93,156,2.68,4.15,NA
Q1,1989-01-03,0.23,NA,0.49,NA,NA
Q1,1989-01-10,0.97,221,2.49,4.09,NA
Q1,1989-01-17,0.99,10,2.73,4.43,NA
Q1,1989-01-24,0.96,155,2.79,4.4,NA
Q1,1989-01-31,0.99,171,2.87,4.48,NA
Q1,1989-02-07,0.95,176,2.78,4.5,NA
Q1,1989-02-14,0.78,179,2.94,4.32,NA
Q1,1989-02-21,0.85,159,2.77,4.18,NA
Q1,1989-02-28,0.94,159,2.64,3.94,NA
Q1,1989-03-07,0.83,152,2.91,4.29,NA
Q1,1989-03-09,NA,NA,NA,NA,NA
Q1,1989-03-14,NA,10,NA,NA,NA
Q1,1989-03-14,0.89,NA,2.62,4.1,NA
Q1,1989-03-21,0.79,148,2.88,4.05,NA
Q1,1989-03-28,0.79,147,2.82,3.98,NA
Q1,1989-04-04,0.82,146,2.76,3.51,NA
Q1,1989-04-11,0.84,143,2.38,4.29,NA
Q1,1989-04-18,0.78,114,2.79,4.92,NA
Q1,1989-04-25,0.88,147,2.74,4.92,NA
Q1,1989-05-02,0.91,135,2.8,4.96,NA
Q1,1989-05-09,0.99,148,2.61,4.62,NA
Q1,1989-05-16,0.89,149,2.87,4.75,NA
Q1,1989-05-23,0.86,142,2.89,4.81,NA
Q1,1989-05-30,0.88,144,2.96,4.74,NA
Q1,1989-06-06,1.4,134,4.97,5.22,NA
Q1,1989-06-13,0.82,129,2.06,4.83,NA
Q1,1989-06-20,0.81,141,3.08,4.3,NA
Q1,1989-06-27,0.83,161,3.15,4.53,NA
Q1,1989-07-05,0.89,10,1.26,2.4,NA
Q1,1989-07-11,1.02,123,2.95,5.05,NA
Q1,1989-07-18,1.02,NA,2.79,4.93,NA
Q1,1989-07-26,0.95,119,2.6,4.41,NA
Q1,1989-08-01,0.92,134,2.77,4.3,NA
Q1,1989-08-08,0.99,91,2.99,4.61,NA
Q1,1989-08-15,0.98,95,3.09,4.47,NA
Q1,1989-08-22,0.9,200,1.33,1.22,NA
Q1,1989-08-29,0.9,36,2.66,4.52,NA
Q1,1989-09-05,0.87,22,2.96,4.75,NA
Q1,1989-09-12,0.91,NA,2.94,4.22,NA
Q1,1989-09-20,NA,NA,NA,NA,NA
Q1,1989-09-22,0.99,10,2.48,3.88,NA
Q1,1989-09-26,1.27,NA,2.63,3.93,NA
Q1,1989-09-26,1.22,NA,2.57,3.9,NA
Q1,1989-10-03,0.98,NA,2.83,4.24,NA
Q1,1989-10-05,1.26,NA,NA,NA,NA
Q1,1989-10-10,0.91,89,2.87,4.31,NA
Q1,1989-10-17,1.04,NA,2.92,4.42,NA
Q1,1989-10-24,1.19,251,2.95,4.48,NA
Q1,1989-10-31,1.23,338,3.97,4.14,NA
Q1,1989-11-07,1.66,420,3.13,4.25,NA
Q1,1989-11-08,2.63,1365,3.1,4.24,NA
Q1,1989-11-14,1.33,291,3.13,4.31,NA
Q1,1989-11-21,1.13,156,3.07,4.3,NA
Q1,1989-11-28,0.93,185,3.19,5.52,NA
Q1,1989-12-05,0.82,147,3.19,5.69,NA
Q1,1989-12-12,0.83,164,3.29,5.91,NA
Q1,1989-12-19,0.8,148,3.24,6.04,NA
Q1,1989-12-26,0.96,27,3.06,6.78,NA
Q1,1990-01-02,2.98,NA,3.19,5.15,NA
Q1,1990-01-09,0.95,38,3.28,5.9,NA
Q1,1990-01-16,1,73,3.37,6.13,NA
Q1,1990-01-23,1.05,10,3.23,5.59,NA
Q1,1990-01-30,1.02,17,3.27,6.01,NA
Q1,1990-02-06,0.97,156,3.22,6.02,NA
Q1,1990-02-13,1.08,212,3.49,6.01,NA
Q1,1990-02-20,1.21,267,3.4,5.85,NA
Q1,1990-02-27,1.16,171,3.46,5.97,NA
Q1,1990-03-06,0.94,119,3.48,6.09,NA
Q1,1990-03-13,2.25,NA,1.82,3.05,NA
Q1,1990-03-20,1.29,490,3.25,5.58,NA
Q1,1990-03-27,1.19,259,3.11,5.34,NA
Q1,1990-04-03,1.03,NA,3.26,5.54,NA
Q1,1990-04-10,0.95,8,3.39,5.85,NA
Q1,1990-04-17,0.94,42,3.29,5.81,NA
Q1,1990-04-24,0.97,53,3.35,5.96,NA
Q1,1990-04-25,1.71,999,0.49,0.66,NA
Q1,1990-04-25,2.1,1468,0.65,0.88,NA
Q1,1990-04-25,2.3,1413,0.59,0.83,NA
Q1,1990-04-26,1.49,243,2.72,4.23,NA
Q1,1990-05-01,1.09,193,3.38,5.97,NA
Q1,1990-05-08,1.15,189,3.24,5.48,NA
Q1,1990-05-10,1.83,737,1.53,2.51,NA
Q1,1990-05-15,1.14,204,3.15,5.42,NA
Q1,1990-05-22,1.14,163,3.36,5.84,NA
Q1,1990-05-29,1.24,142,3.29,5.4,NA
Q1,1990-06-05,1.16,10,3.08,5.25,NA
Q1,1990-06-12,1.19,154,3.21,5.75,NA
Q1,1990-06-19,1.24,170,3.44,5.56,NA
Q1,1990-06-26,1.29,203,3.09,5.07,NA
Q1,1990-07-03,1,109,3.71,6.39,NA
Q1,1990-07-10,1.03,119,3.49,5.94,NA
Q1,1990-07-17,0.93,77,3.54,6.18,NA
Q1,1990-07-24,1.7,445,1.92,3.13,NA
Q1,1990-07-31,0.86,7,3.62,6.18,NA
Q1,1990-08-07,0.89,49,3.65,6.38,NA
Q1,1990-08-14,1.29,250,2.96,4.75,NA
Q1,1990-08-21,0.86,90,3.44,6.13,NA
Q1,1990-08-28,0.78,10,3.51,6.04,NA
Q1,1990-09-04,0.78,10,3.15,6.06,NA
Q1,1990-09-11,0.76,NA,3.47,6.13,NA
Q1,1990-09-18,0.79,NA,3.36,5.88,NA
Q1,1990-09-25,0.81,NA,3.33,6.21,NA
Q1,1990-10-02,1,76,2.55,4.99,NA
Q1,1990-10-09,0.98,48,3.08,5.65,NA
Q1,1990-10-16,0.87,9,3.49,5.55,NA
Q1,1990-10-23,0.95,67,3.16,5.19,NA
Q1,1990-10-30,1.19,130,1.6,2.64,NA
Q1,1990-11-06,1.04,257,2.94,4.63,NA
Q1,1990-11-13,0.97,113,3.27,5.05,NA
Q1,1990-11-20,0.85,75,3.32,5.03,NA
Q1,1990-11-27,0.95,142,3,4.7,NA
Q1,1990-12-04,1.31,236,1.57,2.65,NA
Q1,1990-12-04,0.96,8,2.89,4.94,NA
Q1,1990-12-11,0.78,7,3.25,5.69,NA
Q1,1990-12-14,2.14,300,1.65,2.87,NA
Q1,1990-12-18,0.69,87,3.24,5.64,NA
Q1,1990-12-25,0.86,121,3.25,5.65,NA
Q1,1990-12-31,1.23,233,2.37,3.96,NA
Q1,1991-01-08,1.07,131,2.8,4.89,NA
Q1,1991-01-15,0.79,NA,3.65,6.78,NA
Q1,1991-01-22,0.67,176,3.36,5.91,NA
Q1,1991-01-29,0.77,188,3.3,6.18,NA
Q1,1991-02-05,0.83,NA,3.01,5.4,NA
Q1,1991-02-12,0.8,28,3.57,6.39,NA
Q1,1991-02-19,1.12,13,2.41,4.27,NA
Q1,1991-02-26,0.86,89,3.36,5.37,NA
Q1,1991-03-05,0.7,74,3.25,5.96,NA
Q1,1991-03-12,0.79,47,3.1,5.8,NA
Q1,1991-03-19,0.81,158,3.25,6.1,NA
Q1,1991-03-22,NA,NA,NA,NA,NA
Q1,1991-03-26,0.71,113,3.1,5.84,NA
Q1,1991-04-02,0.75,78,3.27,5.99,NA
Q1,1991-04-09,0.77,36,3.13,5.59,NA
Q1,1991-04-15,0.9,23,3.01,5.25,NA
Q1,1991-04-23,0.93,19,3.14,5.51,NA
Q1,1991-04-30,0.78,31,1.92,3.13,NA
Q1,1991-05-07,0.89,70,3,5.62,NA
Q1,1991-05-14,0.96,10,3.01,5.76,NA
Q1,1991-05-21,0.89,10,3.09,5.4,NA
Q1,1991-05-28,0.89,22,3.11,5.26,NA
Q1,1991-05-31,0.92,NA,3.06,5.21,NA
Q1,1991-06-01,NA,NA,NA,NA,NA
Q1,1991-06-04,0.92,136,3.06,5.26,NA
Q1,1991-06-11,1.15,73,3.14,5.36,NA
Q1,1991-06-18,0.87,55,3.01,5.36,NA
Q1,1991-06-25,0.92,NA,3.08,5.14,NA
Q1,1991-07-02,1.17,63,3.09,5.01,NA
Q1,1991-07-09,0.89,69,2.82,5.28,NA
Q1,1991-07-16,0.52,10,3.17,5.86,NA
Q1,1991-07-23,0.25,10,3.42,5.89,NA
Q1,1991-07-30,0.69,10,3.32,5.86,NA
Q1,1991-08-06,0.83,10,4.17,6.07,NA
Q1,1991-08-13,0.74,NA,4.32,6.13,NA
Q1,1991-08-20,0.79,17,4.3,7.07,NA
Q1,1991-08-27,0.92,15,3.25,5.41,NA
Q1,1991-08-27,1.42,130,1.7,2.86,NA
Q1,1991-09-03,0.95,69,3.36,5.27,NA
Q1,1991-09-10,2.56,75,7,12.1,NA
Q1,1991-09-17,0.97,31,3.17,4.98,NA
Q1,1991-09-24,0.99,65,3.4,5.6,NA
Q1,1991-10-01,0.97,83,3.24,4.87,NA
Q1,1991-10-08,1.11,69,3.45,5.15,NA
Q1,1991-10-15,0.97,81,3.27,5.09,NA
Q1,1991-10-22,0.79,74,3.71,5.22,NA
Q1,1991-10-29,0.73,54,3.51,4.8,NA
Q1,1991-11-05,1.15,100,2.57,4.88,NA
Q1,1991-11-07,1.77,44,1.19,1.55,NA
Q1,1991-11-08,1.2,57,1.49,2.17,NA
Q1,1991-11-12,1.33,150,3.46,5.29,NA
Q1,1991-11-18,0.94,85,3.3,6.25,NA
Q1,1991-11-22,1.52,104,1.33,1.94,NA
Q1,1991-11-26,1.21,145,3.04,4.56,NA
Q1,1991-12-03,1.1,100,2.53,3.62,NA
Q1,1991-12-10,0.99,338,3.03,4.81,NA
Q1,1991-12-17,1.05,167,3.07,4.62,NA
Q1,1991-12-23,1.05,164,3.08,5.86,NA
Q1,1991-12-30,1.09,NA,3.37,5.81,NA
Q1,1992-01-07,1.31,216,2.82,4.82,NA
Q1,1992-01-14,1.18,200,3.15,5.59,NA
Q1,1992-01-21,1.35,177,3.32,5.68,NA
Q1,1992-01-28,1.29,171,3.16,5.47,NA
Q1,1992-02-04,1.3,324,2.29,2.81,NA
Q1,1992-02-06,1.59,17,2.3,4.01,NA
Q1,1992-02-11,1.04,101,3.33,4.77,NA
Q1,1992-02-18,1.01,291,3.22,5.78,NA
Q1,1992-02-25,0.99,138,3.47,5.75,NA
Q1,1992-03-03,1.13,174,3.84,8.48,NA
Q1,1992-03-10,1.06,10,3.15,5.11,NA
Q1,1992-03-17,1.1,133,3.3,6.08,NA
Q1,1992-03-24,1.01,NA,3.22,5.5,NA
Q1,1992-04-01,1.56,87,2.95,4.48,NA
Q1,1992-04-07,0.75,36,5.53,8.77,NA
Q1,1992-04-14,1.03,11,3.22,5.76,NA
Q1,1992-04-21,1.37,49,3.53,6.85,NA
Q1,1992-04-28,0.44,30,2.37,4.24,NA
Q1,1992-05-05,1.07,27,3.13,5.32,NA
Q1,1992-05-12,0.97,137,3.37,5.64,NA
Q1,1992-05-19,0.92,128,3.28,5.3,NA
Q1,1992-05-26,1.35,NA,2.54,4.21,NA
Q1,1992-06-02,1.34,66,1.49,2.24,NA
Q1,1992-06-09,1,10,3.09,5.32,NA
Q1,1992-06-16,1.21,27,1.58,2.54,NA
Q1,1992-06-23,0.98,32,2.46,3.92,NA
Q1,1992-06-30,1.15,31,3.27,5.49,NA
Q1,1992-07-07,1.14,111,3.32,5.58,NA
Q1,1992-07-14,1.32,41,3.68,6.34,NA
Q1,1992-07-21,1.09,NA,3.4,5.72,NA
Q1,1992-07-28,1.18,148,3.48,5.94,NA
Q1,1992-08-04,1.11,359,3.41,6.04,NA
Q1,1992-08-11,1.13,26,1.9,3.06,NA
Q1,1992-08-18,1.09,27,3.34,5.98,NA
Q1,1992-08-25,1.11,382,3.41,6.31,NA
Q1,1992-09-01,1,10,3.77,6.51,NA
Q1,1992-09-08,1.17,10,2.39,4.24,NA
Q1,1992-09-15,1.36,16,4.61,7.98,NA
Q1,1992-09-22,1.06,10,2.93,5.03,NA
Q1,1992-09-29,1,84,3.37,6.1,NA
Q1,1992-10-06,0.95,288,3.54,6.4,NA
Q1,1992-10-13,1.27,NA,4.27,7.35,NA
Q1,1992-10-20,0.87,56,3.45,6.16,NA
Q1,1992-10-27,0.91,NA,3.33,6.03,NA
Q1,1992-11-03,1.04,10,3.08,5.47,NA
Q1,1992-11-10,1.11,135,2.22,3.58,NA
Q1,1992-11-17,0.41,20,1.06,3.02,NA
Q1,1992-11-24,1.14,16,3.15,5.3,NA
Q1,1992-12-01,1.19,9,2.92,5.15,NA
Q1,1992-12-08,1.06,15,3.16,5.11,NA
Q1,1992-12-15,0.41,26,1.31,3.97,NA
Q1,1992-12-22,NA,NA,NA,NA,NA
Q1,1992-12-22,NA,NA,NA,NA,NA
Q1,1992-12-22,1.25,NA,2.75,4.63,NA
Q1,1992-12-29,1.05,NA,2.81,4.66,NA
Q1,1993-01-05,1.44,NA,4.25,7.11,NA
Q1,1993-01-12,1.14,NA,2.98,5.17,NA
Q1,1993-01-19,1.14,NA,2.9,4.28,NA
Q1,1993-01-26,1.18,NA,2.73,4.01,NA
Q1,1993-02-02,1.07,NA,3.19,4.67,NA
Q1,1993-02-09,1,NA,3.15,4.78,NA
Q1,1993-02-16,1.09,NA,3.15,4.84,NA
Q1,1993-02-23,0.91,NA,3.11,4.77,NA
Q1,1993-03-02,1.24,20,3.17,5.15,NA
Q1,1993-03-09,1.1,194,3.81,6.84,NA
Q1,1993-03-16,1,63,3.14,4.64,NA
Q1,1993-03-23,1.05,135,3.15,5.39,NA
Q1,1993-03-30,1.46,177,4.72,8.59,NA
Q1,1993-04-06,1.23,163,3.62,6.48,NA
Q1,1993-04-13,1.28,172,4.18,7.18,NA
Q1,1993-04-20,1.56,138,4.31,7.3,NA
Q1,1993-04-27,0.84,183,3.49,1.16,NA
Q1,1993-05-04,1.05,9,2.62,4.58,NA
Q1,1993-05-11,1.08,12,2.68,4.01,NA
Q1,1993-05-18,1.07,10,2.96,4.79,NA
Q1,1993-05-25,1.64,6,3.99,6.99,NA
Q1,1993-06-01,1.35,17,3.75,6.76,NA
Q1,1993-06-08,1.11,75,3.3,5.97,NA
Q1,1993-06-15,1,37,3.15,5.77,NA
Q1,1993-06-22,1.12,26,2.59,4.54,NA
Q1,1993-06-29,1.19,17,3.2,5.43,NA
Q1,1993-07-06,0.86,55,3.38,6.24,NA
Q1,1993-07-13,1.06,NA,3.11,5.24,NA
Q1,1993-07-20,0.92,NA,3.29,5.83,NA
Q1,1993-07-27,1.05,NA,1.6,5.21,NA
Q1,1993-08-03,1.1,NA,3.13,5.61,NA
Q1,1993-08-10,0.87,61,3.16,5.48,NA
Q1,1993-08-17,1.17,6,3.22,5.77,NA
Q1,1993-08-24,0.98,11,3.18,5.27,NA
Q1,1993-08-31,1.05,21,2.91,5.26,NA
Q1,1993-09-07,0.83,124,3.52,5.54,NA
Q1,1993-09-14,1.49,9,4.66,8.01,NA
Q1,1993-09-21,1.02,192,3.25,5.98,NA
Q1,1993-09-28,1.01,9,2.56,4.24,NA
Q1,1993-10-05,1.08,9,3.22,6.03,NA
Q1,1993-10-13,1.21,7,3.01,5.24,NA
Q1,1993-10-19,1.43,7,3.41,5.78,NA
Q1,1993-10-26,1.05,8,3.35,5.73,NA
Q1,1993-11-02,0.87,6,3.36,6.46,NA
Q1,1993-11-09,0.93,8,3.12,5.82,NA
Q1,1993-11-16,1.5,6,2.78,4.82,NA
Q1,1993-11-23,1.48,22,4.46,7.79,NA
Q1,1993-11-30,1.02,16,2.49,4.55,NA
Q1,1993-12-07,0.84,25,3.21,5.69,NA
Q1,1993-12-14,1.03,14,3.28,5.84,NA
Q1,1993-12-21,1.3,50,3.9,6.76,NA
Q1,1993-12-28,1.16,NA,2.78,4.5,NA
Q1,1994-01-04,1.34,NA,4.28,7.26,NA
Q1,1994-01-11,0.95,NA,1.34,3.99,NA
Q1,1994-01-18,0.85,NA,1.58,5.11,NA
Q1,1994-01-25,0.89,NA,3.26,5.64,NA
Q1,1994-02-01,0.94,9,2.61,4.08,NA
Q1,1994-02-08,1.09,17,3.15,5.49,NA
Q1,1994-02-15,0.8,NA,3.06,4.99,NA
Q1,1994-02-22,1.36,21,2.72,4.4,NA
Q1,1994-03-01,1.21,NA,3.36,5.64,NA
Q1,1994-03-08,0.95,NA,3.38,6.08,NA
Q1,1994-03-15,0.96,7,3.44,6.29,NA
Q1,1994-03-22,1.07,NA,3.47,6.24,NA
Q1,1994-03-29,0.94,NA,3.5,6.7,NA
Q1,1994-04-05,0.93,NA,3.53,6.2,NA
Q1,1994-04-12,1.02,142,3.3,6,NA
Q1,1994-04-19,1.15,177,3.39,6.17,NA
Q1,1994-04-26,1.01,17,3.56,6.67,NA
Q1,1994-05-03,0.89,19,3.48,6.46,NA
Q1,1994-05-10,1.35,14,3.02,5.33,NA
Q1,1994-05-17,1.1,25,2.88,5.49,NA
Q1,1994-05-24,1.14,18,3.44,6.62,NA
Q1,1994-05-31,1.23,16,4.48,7.7,NA
Q1,1994-06-07,1.13,17,3.94,6.86,NA
Q1,1994-06-14,1.22,20,4.53,7.75,NA
Q1,1994-06-21,1.34,11,3.97,6.94,NA
Q1,1994-06-28,1.15,NA,3.49,6.22,NA
Q1,1994-06-30,1.14,152,2.33,4.35,NA
Q1,1994-07-05,0.98,13,3.56,6.37,NA
Q1,1994-07-12,1.28,102,4.6,7.98,NA
Q1,1994-07-19,1.49,112,4.16,7.06,NA
Q1,1994-07-26,1.05,NA,3.41,6.23,NA
Q1,1994-08-02,1.17,NA,3.47,5.75,NA
Q1,1994-08-09,1.05,NA,3.24,5.66,NA
Q1,1994-08-16,1.07,NA,3.53,5.94,NA
Q1,1994-08-23,1.05,NA,3.26,6.4,NA
Q1,1994-08-30,1.37,NA,5.12,8.92,NA
Q1,1994-09-06,1.79,NA,3.73,6.67,NA
Q1,1994-09-13,0.89,NA,3.38,6.15,NA
Q1,1994-09-20,1.7,NA,1.45,2.42,NA
Q1,1994-09-27,0.88,NA,3.39,6.45,NA
Q1,1994-10-04,0.84,NA,3.45,6.41,NA
Q1,1994-10-11,1.22,NA,3.33,6.4,NA
Q1,1994-10-18,0.94,NA,3.44,6.6,NA
Q1,1994-10-25,1.35,NA,2.82,5.06,NA
Q1,1994-11-01,1.21,NA,3.52,6.62,NA
Q1,1994-11-08,1.36,NA,2.11,3.78,NA
Q1,1994-11-15,1.25,NA,3.4,6.29,NA
Q1,1994-11-22,1.03,NA,3.19,5.68,NA
Q1,1994-11-29,1.01,NA,3.02,5.4,NA
Q1,1994-12-06,0.65,109,2.03,3.67,NA
Q1,1994-12-13,0.99,NA,3.18,5.76,NA
Q1,1994-12-20,1.45,NA,3.67,7.83,NA
Q1,1994-12-27,0.94,NA,3.28,5.78,NA
Q2,1988-01-05,0.77,255,2.57,5.01,18
Q2,1988-01-12,0.77,233,2.54,5.27,11
Q2,1988-01-19,0.74,221,2.61,5.28,18
Q2,1988-01-26,0.71,195,2.74,5.52,17
Q2,1988-01-29,0.87,183,1.86,4.05,14
Q2,1988-01-29,1.12,306,1.59,3.66,12
Q2,1988-01-29,0.99,364,1.58,3.75,31
Q2,1988-01-29,1.1,333,1.5,3.45,12
Q2,1988-01-29,1.03,268,1.74,3.96,14
Q2,1988-01-29,0.84,NA,1.94,4.07,41
Q2,1988-01-29,0.98,331,1.53,3.54,23
Q2,1988-01-29,0.84,NA,1.98,4.07,7
Q2,1988-02-02,0.9,223,1.64,3.6,12
Q2,1988-02-02,0.81,153,1.77,4.02,30
Q2,1988-02-03,0.91,282,2.48,5.42,16
Q2,1988-02-04,NA,NA,NA,NA,NA
Q2,1988-02-09,NA,NA,NA,NA,NA
Q2,1988-02-10,NA,NA,NA,NA,NA
Q2,1988-02-16,0.64,31,2.45,4.51,19
Q2,1988-02-23,0.82,231,2.73,5.15,19
Q2,1988-03-01,0.77,218,2.73,5.15,19
Q2,1988-03-08,0.7,209,2.56,4.91,27
Q2,1988-03-15,0.72,191,2.62,4.9,27
Q2,1988-03-23,0.82,139,1.35,1.73,9
Q2,1988-03-29,0.97,287,1.69,3.51,12
Q2,1988-04-05,0.78,174,2.64,4.85,NA
Q2,1988-04-12,0.69,173,2.71,4.77,NA
Q2,1988-04-19,0.77,212,2.16,4.05,23
Q2,1988-04-26,0.79,182,2.55,4.73,34
Q2,1988-05-03,0.81,164,2.57,4.74,58
Q2,1988-05-10,NA,NA,NA,NA,NA
Q2,1988-05-10,NA,NA,NA,NA,NA
Q2,1988-05-10,NA,NA,NA,NA,NA
Q2,1988-05-10,1.27,415,0.9,2.48,38
Q2,1988-05-10,0.77,162,2.66,4.35,54
Q2,1988-05-17,0.75,234,1.13,1.36,117
Q2,1988-05-24,0.67,213,2.37,4.26,54
Q2,1988-05-31,0.83,224,2.19,3.58,69
Q2,1988-06-07,0.72,188,2.63,4.36,71
Q2,1988-06-14,0.69,NA,2.59,4.12,118
Q2,1988-06-21,0.73,NA,1.88,3.48,NA
Q2,1988-06-28,0.71,NA,2.41,4.05,NA
Q2,1988-07-05,0.83,NA,2.43,3.83,NA
Q2,1988-07-12,0.71,NA,2.59,4.53,NA
Q2,1988-07-19,0.77,NA,1.84,3.36,NA
Q2,1988-07-22,0.81,NA,2.23,3.8,NA
Q2,1988-07-26,0.8,NA,1.88,3.38,NA
Q2,1988-07-26,0.71,NA,1.61,3.1,NA
Q2,1988-08-02,0.77,NA,2.55,1.32,NA
Q2,1988-08-09,0.77,NA,2.61,4.21,17
Q2,1988-08-16,0.86,NA,2.88,3.9,14
Q2,1988-08-23,0.73,NA,2.53,4.35,NA
Q2,1988-08-24,0.81,70,1.8,3.44,11
Q2,1988-08-24,0.87,238,1.14,2.75,NA
Q2,1988-08-24,0.95,172,1.15,2.47,NA
Q2,1988-08-24,0.82,133,0.55,1.04,NA
Q2,1988-08-24,NA,NA,NA,NA,NA
Q2,1988-08-30,0.69,241,2.43,4.92,NA
Q2,1988-09-06,0.7,216,2.64,5.12,NA
Q2,1988-09-13,0.73,240,2.29,4.25,NA
Q2,1988-09-20,0.75,227,2.54,4.73,NA
Q2,1988-09-27,0.68,246,2.63,4.78,17
Q2,1988-10-04,0.72,9,2.13,3.91,NA
Q2,1988-10-11,0.78,240,NA,NA,63
Q2,1988-10-18,NA,235,NA,NA,61
Q2,1988-10-25,0.83,NA,2.32,5.05,NA
Q2,1988-11-01,0.81,218,2.33,3.9,NA
Q2,1988-11-07,0.86,225,2.35,5.23,NA
Q2,1988-11-15,0.83,224,2.34,4.98,NA
Q2,1988-11-22,0.8,224,2.25,4.87,NA
Q2,1988-11-29,0.82,208,2.59,4.2,NA
Q2,1988-12-06,0.96,239,2.62,3.96,NA
Q2,1988-12-13,0.87,220,2.25,1.3,NA
Q2,1988-12-20,0.83,214,2.33,4.05,NA
Q2,1988-12-27,0.83,227,2.42,5.21,NA
Q2,1989-01-03,0.91,9,2.5,3.96,NA
Q2,1989-01-10,1,421,1.97,4.92,NA
Q2,1989-01-17,1,139,2.54,3.93,NA
Q2,1989-01-24,0.94,222,2.66,4.08,NA
Q2,1989-01-31,0.94,246,2.69,4.08,NA
Q2,1989-02-07,0.94,245,2.55,5.08,NA
Q2,1989-02-14,0.78,249,2.69,5.09,NA
Q2,1989-02-21,0.86,228,2.36,4.65,NA
Q2,1989-02-28,0.9,235,2.25,4.59,NA
Q2,1989-03-07,0.89,237,2.59,5.04,NA
Q2,1989-03-09,NA,NA,NA,NA,NA
Q2,1989-03-14,NA,61,NA,NA,NA
Q2,1989-03-14,0.86,466,2.35,4.79,NA
Q2,1989-03-21,0.86,229,5.57,4.66,NA
Q2,1989-03-28,0.5,217,2.61,4.66,NA
Q2,1989-04-04,0.86,224,2.49,4.13,NA
Q2,1989-04-11,0.9,209,2.23,4.95,NA
Q2,1989-04-18,0.91,143,2.47,4.11,NA
Q2,1989-04-25,0.94,162,2.51,4.2,NA
Q2,1989-05-02,0.97,151,2.62,4.23,NA
Q2,1989-05-09,0.98,194,2.36,5.1,NA
Q2,1989-05-16,0.97,186,3.03,4.17,NA
Q2,1989-05-23,0.85,166,2.74,4.41,NA
Q2,1989-05-30,0.97,156,2.8,4.23,NA
Q2,1989-06-06,1.02,199,2.76,4.44,NA
Q2,1989-06-13,0.83,167,2.62,5.19,NA
Q2,1989-06-20,0.9,185,2.64,5.25,NA
Q2,1989-06-27,0.88,86,2.86,4.72,NA
Q2,1989-07-05,0.95,211,1.25,2.98,NA
Q2,1989-07-11,1.1,198,2.5,5.07,NA
Q2,1989-07-18,1.07,132,2.48,5.25,NA
Q2,1989-07-26,1.03,200,2.51,5.03,NA
Q2,1989-08-01,0.98,226,2.49,4.91,NA
Q2,1989-08-08,1.09,139,2.87,5.2,NA
Q2,1989-08-15,0.98,145,2.76,5.05,NA
Q2,1989-08-22,0.96,247,1.49,3.24,NA
Q2,1989-08-29,0.96,149,2.59,5.03,NA
Q2,1989-09-05,0.98,32,2.8,5.56,NA
Q2,1989-09-12,0.98,8,2.85,5.24,NA
Q2,1989-09-20,NA,NA,NA,NA,NA
Q2,1989-09-22,1.13,NA,2.51,4.89,NA
Q2,1989-09-26,1.35,NA,2.72,5.15,NA
Q2,1989-09-26,1.48,106,2.73,5.2,NA
Q2,1989-10-03,1.18,113,2.88,5.49,NA
Q2,1989-10-05,1.1,NA,NA,NA,NA
Q2,1989-10-10,1.09,NA,2.9,5.51,NA
Q2,1989-10-17,1.3,171,2.94,5.63,NA
Q2,1989-10-24,1.34,383,2.97,5.71,NA
Q2,1989-10-31,1.37,443,3.45,6.02,NA
Q2,1989-11-07,1.82,624,3.05,5.31,NA
Q2,1989-11-08,2.44,1204,2.92,5.45,NA
Q2,1989-11-14,1.6,424,3.02,5.25,NA
Q2,1989-11-21,1.37,304,3.09,5.4,NA
Q2,1989-11-28,1.06,290,3.22,6.86,NA
Q2,1989-12-05,0.96,262,3.17,6.77,NA
Q2,1989-12-12,1.05,265,3.14,6.85,NA
Q2,1989-12-19,0.93,263,3.13,6.91,NA
Q2,1989-12-26,0.79,164,3.19,5.89,NA
Q2,1990-01-02,2.42,NA,3.28,6.84,NA
Q2,1990-01-09,1.21,275,2.85,6.15,NA
Q2,1990-01-16,1.2,385,3.13,6.75,NA
Q2,1990-01-23,1.24,10,3,6.5,NA
Q2,1990-01-30,1.23,13,3,6.66,NA
Q2,1990-02-06,1.08,277,3.06,6.8,NA
Q2,1990-02-13,1.29,288,3.3,6.8,NA
Q2,1990-02-20,1.43,57,3.19,6.66,NA
Q2,1990-02-27,1.34,253,3.27,6.94,NA
Q2,1990-03-06,1.17,191,3.36,7.06,NA
Q2,1990-03-13,1.93,151,1.93,4.31,NA
Q2,1990-03-20,1.34,NA,3.22,6.79,NA
Q2,1990-03-27,1.24,274,3.14,6.75,NA
Q2,1990-04-03,1.12,NA,3.33,7.01,NA
Q2,1990-04-10,1.08,111,3.41,7.31,NA
Q2,1990-04-17,1.02,53,3.32,7.17,NA
Q2,1990-04-24,1.05,10,3.34,7.25,NA
Q2,1990-04-25,1.64,840,0.42,0.79,NA
Q2,1990-04-25,1.99,1059,0.51,1.03,NA
Q2,1990-04-25,1.92,1338,0.63,1.17,NA
Q2,1990-04-26,1.56,711,2.23,4.58,NA
Q2,1990-05-01,1.05,332,3.14,6.67,NA
Q2,1990-05-08,1.23,10,3.2,6.8,NA
Q2,1990-05-10,1.63,736,1.81,3.99,NA
Q2,1990-05-15,1.26,274,3.09,6.66,NA
Q2,1990-05-22,1.25,235,3.32,7.13,NA
Q2,1990-05-29,1.29,359,3.12,5.2,NA
Q2,1990-06-05,1.22,144,3.26,6.82,NA
Q2,1990-06-12,1.26,261,3.41,6.99,NA
Q2,1990-06-19,1.22,503,3.25,6.78,NA
Q2,1990-06-26,1.22,294,2.9,6.06,NA
Q2,1990-07-03,1.04,199,3.43,7.54,NA
Q2,1990-07-10,1.08,212,3.46,7.25,NA
Q2,1990-07-17,0.97,137,3.6,7.82,NA
Q2,1990-07-24,1.24,236,1.94,4.1,NA
Q2,1990-07-31,0.93,109,3.63,7.63,NA
Q2,1990-08-07,0.93,107,3.68,8.2,NA
Q2,1990-08-14,1.14,415,2.75,5.47,NA
Q2,1990-08-21,0.95,212,3.33,7.35,NA
Q2,1990-08-28,0.84,159,3.44,7.28,NA
Q2,1990-09-04,0.88,10,3.73,8.31,NA
Q2,1990-09-11,0.9,15,3.27,7.37,NA
Q2,1990-09-18,0.85,22,3.25,7.16,NA
Q2,1990-09-25,0.88,22,3.19,7.43,NA
Q2,1990-10-02,0.96,128,2.38,6.12,NA
Q2,1990-10-09,0.97,101,2.81,6.53,NA
Q2,1990-10-16,0.91,97,3.27,6.67,NA
Q2,1990-10-23,0.93,172,3.14,6.45,NA
Q2,1990-10-30,1,100,1.54,3.29,NA
Q2,1990-11-06,0.54,252,1.99,4.17,NA
Q2,1990-11-13,0.86,170,3.37,6.61,NA
Q2,1990-11-20,0.84,253,3.38,6.94,NA
Q2,1990-11-27,0.89,205,3.16,6.99,NA
Q2,1990-12-04,1.13,289,1.62,3.8,NA
Q2,1990-12-04,0.94,8,2.84,6.28,NA
Q2,1990-12-11,0.77,7,3.3,7.42,NA
Q2,1990-12-14,2.16,300,2.32,5.33,NA
Q2,1990-12-18,0.72,252,3.35,7.37,NA
Q2,1990-12-25,0.89,235,3.37,7.1,NA
Q2,1990-12-31,1.18,267,2.33,5.15,NA
Q2,1991-01-08,1.13,340,3.15,7.06,NA
Q2,1991-01-15,0.78,NA,3.29,7.06,NA
Q2,1991-01-22,0.74,138,3.41,7.46,NA
Q2,1991-01-29,0.75,95,3.25,7.07,NA
Q2,1991-02-05,0.86,5,3.03,6.8,NA
Q2,1991-02-12,0.89,63,3.39,7.42,NA
Q2,1991-02-19,0.98,71,2.4,5.56,NA
Q2,1991-02-26,0.87,229,2.28,6.71,NA
Q2,1991-03-05,0.79,NA,3.14,6.81,NA
Q2,1991-03-12,0.8,272,3.04,6.9,NA
Q2,1991-03-19,0.8,212,3.11,7.2,NA
Q2,1991-03-22,NA,NA,NA,NA,NA
Q2,1991-03-26,0.76,158,3.11,7.02,NA
Q2,1991-04-02,0.78,191,3.18,7.06,NA
Q2,1991-04-09,0.76,18,2.93,6.66,NA
Q2,1991-04-15,1,29,2.8,6.08,NA
Q2,1991-04-23,1.02,19,2.93,6.62,NA
Q2,1991-04-30,0.96,42,1.94,4.1,NA
Q2,1991-05-07,1.02,18,3.09,3.08,NA
Q2,1991-05-14,0.93,10,3.19,3.14,NA
Q2,1991-05-21,0.98,19,3.1,3.7,NA
Q2,1991-05-28,0.98,10,2.01,3.71,NA
Q2,1991-05-31,1.08,NA,3.08,3.02,NA
Q2,1991-06-01,NA,NA,NA,NA,NA
Q2,1991-06-04,1.02,77,3.19,3.14,NA
Q2,1991-06-11,1.1,91,3.01,3.66,NA
Q2,1991-06-18,1.05,86,3,3.6,NA
Q2,1991-06-25,1.04,35,3.26,3.17,NA
Q2,1991-07-02,1.13,245,3.22,3.27,NA
Q2,1991-07-09,1.15,118,3,3.15,NA
Q2,1991-07-16,1.25,NA,3.18,7.02,NA
Q2,1991-07-23,0.72,10,2.19,7.08,NA
Q2,1991-07-30,0.8,10,2.94,6.91,NA
Q2,1991-08-06,0.93,134,3.87,6.71,NA
Q2,1991-08-13,0.89,10,4.15,6.94,NA
Q2,1991-08-20,0.9,10,3.94,7.63,NA
Q2,1991-08-27,1.34,26,3.19,6.22,NA
Q2,1991-08-27,1.49,17,0.4,0.92,NA
Q2,1991-09-03,2.78,128,3.88,9.01,NA
Q2,1991-09-10,1.63,137,3.99,8.27,NA
Q2,1991-09-17,1.23,120,3.02,5.67,NA
Q2,1991-09-24,1.26,73,3.34,7,NA
Q2,1991-10-01,1.22,122,2.46,5.18,NA
Q2,1991-10-08,1.1,125,2.95,5.43,NA
Q2,1991-10-15,1.25,124,2.69,4.94,NA
Q2,1991-10-22,1.13,117,2.96,4.78,NA
Q2,1991-10-29,1.05,38,2.87,4.84,NA
Q2,1991-11-05,0.74,156,2.93,3.31,NA
Q2,1991-11-07,1.62,199,1.47,2.38,NA
Q2,1991-11-08,1.54,283,1.65,2.47,NA
Q2,1991-11-12,1.43,399,3.02,5.32,NA
Q2,1991-11-18,1.74,262,3.56,7.67,NA
Q2,1991-11-22,1.3,152,1.46,2.43,NA
Q2,1991-11-26,1.36,286,3.1,5.55,NA
Q2,1991-12-03,1.03,10,2.72,4.14,NA
Q2,1991-12-10,1.15,431,3.1,6.17,NA
Q2,1991-12-17,1.18,320,3.17,5.8,NA
Q2,1991-12-23,1.28,294,3.24,7.03,NA
Q2,1991-12-30,0.91,196,3.62,5.46,NA
Q2,1992-01-07,1.37,451,2.32,4.66,NA
Q2,1992-01-14,1.24,374,2.92,6.33,NA
Q2,1992-01-21,1.27,303,3.27,6.91,NA
Q2,1992-01-28,1.35,300,3.26,7.19,NA
Q2,1992-02-04,1.47,469,2.23,3.42,NA
Q2,1992-02-06,1.72,207,2.35,5.4,NA
Q2,1992-02-11,1.16,19,3.03,6.02,NA
Q2,1992-02-18,1.24,236,3.32,7.07,NA
Q2,1992-02-25,1.17,207,3.28,7.58,NA
Q2,1992-03-03,0.82,10,3.24,5.31,NA
Q2,1992-03-10,1.23,92,2.86,6.44,NA
Q2,1992-03-17,1.43,180,3,6.2,NA
Q2,1992-03-24,1.25,NA,3.12,6.17,NA
Q2,1992-04-01,1.35,126,2.77,5.28,NA
Q2,1992-04-07,1.02,68,3.34,5.63,NA
Q2,1992-04-14,0.78,11,3.35,3.94,NA
Q2,1992-04-21,1.05,11,3.13,6.12,NA
Q2,1992-04-28,1.16,27,3.09,6.32,NA
Q2,1992-05-05,1.12,353,2.12,4.2,NA
Q2,1992-05-12,1.21,276,2.9,6.35,NA
Q2,1992-05-19,1.36,209,2.56,6.28,NA
Q2,1992-05-26,1.35,NA,2.42,4.98,NA
Q2,1992-06-02,1.16,43,1.47,3.14,NA
Q2,1992-06-09,1.43,26,3.28,6.77,NA
Q2,1992-06-16,1.32,28,2.11,4.56,NA
Q2,1992-06-23,1.11,37,2.39,4.56,NA
Q2,1992-06-30,1.29,29,3.8,7.8,NA
Q2,1992-07-07,1.23,28,3.42,7.2,NA
Q2,1992-07-14,1.23,42,3.72,7.76,NA
Q2,1992-07-21,1.21,142,3.43,6.86,NA
Q2,1992-07-28,1.36,147,3.27,7.05,NA
Q2,1992-08-04,1.24,193,3.35,7.2,NA
Q2,1992-08-11,1.38,26,1.99,4.42,NA
Q2,1992-08-18,1.03,170,3.46,7.32,NA
Q2,1992-08-25,1.1,197,2.9,6.31,NA
Q2,1992-09-01,1.39,10,4.16,8.16,NA
Q2,1992-09-08,1.39,10,2.5,5.7,NA
Q2,1992-09-15,1.06,10,3.15,6.47,NA
Q2,1992-09-22,1.43,10,2.96,6.71,NA
Q2,1992-09-29,1.44,91,2.89,5.71,NA
Q2,1992-10-06,1.12,234,3.14,6.5,NA
Q2,1992-10-13,1.27,8,3.31,6.92,NA
Q2,1992-10-20,1.13,NA,3.12,6.86,NA
Q2,1992-10-27,1.18,20,3.26,6.74,NA
Q2,1992-11-03,1.28,33,2.79,6.02,NA
Q2,1992-11-10,1.41,29,2.24,4.76,NA
Q2,1992-11-17,0.42,35,1,3.38,NA
Q2,1992-11-24,1.41,7,2.87,6.28,NA
Q2,1992-12-01,1.42,16,2.92,5.69,NA
Q2,1992-12-08,1.26,18,3.06,6.44,NA
Q2,1992-12-15,1.02,326,3.07,7.22,NA
Q2,1992-12-22,NA,NA,NA,NA,NA
Q2,1992-12-22,1.41,NA,2.6,5.72,NA
Q2,1992-12-29,1.3,NA,2.89,5.74,NA
Q2,1993-01-05,1.44,NA,3.72,7.41,NA
Q2,1993-01-12,1.17,NA,2.92,6.13,NA
Q2,1993-01-19,1.13,NA,3.13,6.47,NA
Q2,1993-01-26,1.21,NA,2.99,5.74,NA
Q2,1993-02-02,1.17,NA,2.91,6.24,NA
Q2,1993-02-09,1.12,NA,3.07,5.91,NA
Q2,1993-02-16,1.51,NA,3.67,8.09,NA
Q2,1993-02-23,1.47,NA,3.09,6.27,NA
Q2,1993-03-02,1.21,135,3.13,6.15,NA
Q2,1993-03-09,0.94,220,3.11,6.36,NA
Q2,1993-03-16,1,183,2.82,5.29,NA
Q2,1993-03-23,2.36,NA,3.14,5.93,NA
Q2,1993-03-30,1.53,NA,4.6,10,NA
Q2,1993-04-06,1.28,44,3.5,7.7,NA
Q2,1993-04-13,1.23,93,3.56,7.47,NA
Q2,1993-04-20,1.29,67,3.02,6.54,NA
Q2,1993-04-27,0.97,36,3.27,3.08,NA
Q2,1993-05-04,1.14,365,2.17,4.76,NA
Q2,1993-05-11,1.39,12,2.33,4.33,NA
Q2,1993-05-18,1.28,NA,2.5,5.1,NA
Q2,1993-05-25,1.6,12,2.45,5.66,NA
Q2,1993-06-01,1.21,44,2.82,6.01,NA
Q2,1993-06-08,1.73,89,3.73,8.04,NA
Q2,1993-06-15,1.28,38,2.8,5.77,NA
Q2,1993-06-15,NA,NA,NA,NA,NA
Q2,1993-06-22,2.31,186,3.71,7.65,NA
Q2,1993-06-29,1.27,14,3.23,6.32,NA
Q2,1993-07-06,1.15,187,3.08,6.66,NA
Q2,1993-07-13,1.34,NA,2.78,5.91,NA
Q2,1993-07-20,2.29,NA,5.05,11.08,NA
Q2,1993-07-27,1.29,NA,1.52,6.31,NA
Q2,1993-08-03,1.18,NA,3.18,6.67,NA
Q2,1993-08-10,1.3,52,3.12,6.83,NA
Q2,1993-08-17,1.34,6,3.24,7.03,NA
Q2,1993-08-24,1.62,NA,3.99,8.37,NA
Q2,1993-08-31,1.33,7,2.69,5.94,NA
Q2,1993-09-07,1.02,29,3.03,6.71,NA
Q2,1993-09-14,1.39,163,1.65,5.63,NA
Q2,1993-09-21,1.21,248,2.98,6.72,NA
Q2,1993-09-28,1.05,18,2.49,5.58,NA
Q2,1993-10-05,1.16,14,2.97,6.44,NA
Q2,1993-10-13,1.55,8,2.86,6.31,NA
Q2,1993-10-19,1.28,9,3.02,6.32,NA
Q2,1993-10-26,1.78,17,3.46,7.61,NA
Q2,1993-11-02,1.25,10,3.27,6.58,NA
Q2,1993-11-09,1.3,11,2.98,6.54,NA
Q2,1993-11-16,1.57,185,2.76,5.92,NA
Q2,1993-11-23,1.63,47,4.11,8.5,NA
Q2,1993-11-30,1.18,18,2.47,5.44,NA
Q2,1993-12-07,1.14,54,1.66,6.03,NA
Q2,1993-12-14,1.34,20,2.97,6.56,NA
Q2,1993-12-21,1.45,16,2.8,5.95,NA
Q2,1993-12-28,1.81,NA,3.82,7.83,NA
Q2,1994-01-04,1.25,NA,1.56,5.86,NA
Q2,1994-01-11,1.23,NA,1.39,5.25,NA
Q2,1994-01-18,1.39,NA,2.94,5.78,NA
Q2,1994-01-25,1.27,NA,3.13,6.2,NA
Q2,1994-02-01,1.28,NA,2.74,5.47,NA
Q2,1994-02-08,1.54,9,2.86,5.39,NA
Q2,1994-02-15,1.12,NA,3.01,6.24,NA
Q2,1994-02-22,1.59,NA,2.22,5.36,NA
Q2,1994-03-01,1.46,10,2.38,5.48,NA
Q2,1994-03-08,1.27,18,3.08,6.69,NA
Q2,1994-03-15,1.26,NA,3.1,6.64,NA
Q2,1994-03-22,1.31,NA,3.19,7.38,NA
Q2,1994-03-29,1.34,NA,3.27,7.26,NA
Q2,1994-04-05,1.3,NA,3.28,7.3,NA
Q2,1994-04-12,1.19,28,3.05,6.59,NA
Q2,1994-04-19,1.38,94,3,6.59,NA
Q2,1994-04-26,1.21,14,3.22,6.98,NA
Q2,1994-05-03,1.06,11,3.16,7.14,NA
Q2,1994-05-10,1.4,18,2.67,5.81,NA
Q2,1994-05-17,1.27,16,2.67,5.88,NA
Q2,1994-05-24,1.27,18,3.07,6.77,NA
Q2,1994-05-31,1.8,25,4.43,8.93,NA
Q2,1994-06-07,1.51,17,3.43,7.46,NA
Q2,1994-06-14,NA,NA,NA,NA,NA
Q2,1994-06-21,1.62,59,3.28,6.7,NA
Q2,1994-06-28,1.29,6,3.02,6.05,NA
Q2,1994-06-30,1.39,38,2.33,4.94,NA
Q2,1994-07-05,1.29,68,2.91,6.26,NA
Q2,1994-07-12,NA,NA,NA,NA,NA
Q2,1994-07-19,1.52,470,2.48,4.97,NA
Q2,1994-07-26,NA,NA,NA,NA,NA
Q2,1994-08-02,0.27,NA,1.63,2.4,NA
Q2,1994-08-09,1.22,NA,2.53,5.77,NA
Q2,1994-08-16,NA,NA,NA,NA,NA
Q2,1994-08-23,NA,NA,NA,NA,NA
Q2,1994-08-30,NA,NA,NA,NA,NA
Q2,1994-09-06,NA,NA,NA,NA,NA
Q2,1994-09-13,NA,NA,NA,NA,NA
Q2,1994-09-20,1.36,NA,1.64,3.57,NA
Q2,1994-09-27,NA,NA,NA,NA,NA
Q2,1994-10-04,NA,NA,NA,NA,NA
Q2,1994-10-11,NA,NA,NA,NA,NA
Q2,1994-10-18,NA,NA,NA,NA,NA
Q2,1994-10-25,1.28,NA,2.31,5.08,NA
Q2,1994-11-01,NA,NA,NA,NA,NA
Q2,1994-11-08,1.38,NA,1.82,3.64,NA
Q2,1994-11-15,1.13,NA,2.17,4.57,NA
Q2,1994-11-22,1.06,NA,2.2,4.76,NA
Q2,1994-11-29,1.21,NA,2.33,4.81,NA
Q2,1994-12-06,1.17,NA,2.44,5.21,NA
Q2,1994-12-13,1.14,NA,2.62,5.79,NA
Q2,1994-12-20,1.79,NA,3.62,7.97,NA
Q2,1994-12-27,1.15,NA,2.71,5.71,NA
Q3,1988-01-05,0.68,142,2.69,3.7,12
Q3,1988-01-12,0.66,181,2.55,3.6,9
Q3,1988-01-19,0.66,157,2.69,3.65,17
Q3,1988-01-26,0.72,157,3.04,4.17,31
Q3,1988-01-29,0.82,209,2.18,3.19,47
Q3,1988-01-29,0.72,183,2.18,3.11,41
Q3,1988-01-29,0.85,167,2.13,3.03,24
Q3,1988-01-29,0.82,141,2.09,2.93,34
Q3,1988-01-29,NA,209,NA,NA,72
Q3,1988-01-29,NA,NA,NA,NA,75
Q3,1988-01-29,0.78,207,2.24,3.2,52
Q3,1988-02-02,0.76,146,1.96,2.93,15
Q3,1988-02-02,0.71,32,2.2,3.11,55
Q3,1988-02-03,NA,NA,NA,NA,NA
Q3,1988-02-04,NA,NA,NA,NA,NA
Q3,1988-02-09,0.71,170,3.71,2.71,26
Q3,1988-02-10,NA,NA,NA,NA,NA
Q3,1988-02-16,0.68,146,2.65,3.84,16
Q3,1988-02-23,0.68,204,3.01,3.85,23
Q3,1988-03-01,0.67,196,3.02,3.91,15
Q3,1988-03-08,0.56,196,3,3.11,32
Q3,1988-03-15,0.11,215,1.65,3.73,13
Q3,1988-03-23,0.62,219,2.99,3.81,25
Q3,1988-03-29,0.59,200,1.78,2.49,31
Q3,1988-04-05,0.63,207,2.93,3.71,21
Q3,1988-04-12,0.61,210,2.83,3.71,19
Q3,1988-04-19,0.6,191,2.45,3.16,17
Q3,1988-04-26,0.64,208,2.96,3.8,27
Q3,1988-05-03,0.64,201,2.94,3.77,52
Q3,1988-05-10,0.66,224,3.07,3.84,64
Q3,1988-05-10,0.83,186,1.69,2.41,16
Q3,1988-05-10,NA,NA,NA,NA,NA
Q3,1988-05-10,NA,NA,NA,NA,NA
Q3,1988-05-10,NA,NA,NA,NA,NA
Q3,1988-05-17,0.58,176,1.23,1.04,27
Q3,1988-05-24,0.61,206,1.33,1.15,74
Q3,1988-05-31,0.67,178,2.41,2.7,88
Q3,1988-06-07,0.74,206,2.98,3.23,78
Q3,1988-06-14,0.7,NA,2.99,3.24,70
Q3,1988-06-21,0.69,NA,2.16,2.56,NA
Q3,1988-06-28,0.7,NA,2.74,2.98,NA
Q3,1988-07-05,0.7,NA,2.79,2.98,NA
Q3,1988-07-12,0.67,NA,2.77,2.95,NA
Q3,1988-07-19,0.55,NA,2.13,2.72,18
Q3,1988-07-22,0.67,NA,2.36,2.76,NA
Q3,1988-07-26,0.63,NA,2.01,2.45,NA
Q3,1988-07-26,NA,NA,NA,NA,NA
Q3,1988-08-02,0.74,NA,2.93,3.19,19
Q3,1988-08-09,0.72,NA,2.96,3.13,5
Q3,1988-08-16,0.69,NA,2.89,3.15,77
Q3,1988-08-23,0.66,NA,2.63,3.31,NA
Q3,1988-08-24,NA,NA,NA,NA,NA
Q3,1988-08-24,0.64,NA,1.51,2.09,24
Q3,1988-08-24,0.58,NA,1.42,1.99,NA
Q3,1988-08-24,0.45,85,0.67,0.91,NA
Q3,1988-08-24,0.58,NA,2,2.48,NA
Q3,1988-08-30,0.57,151,2.49,3.13,NA
Q3,1988-09-06,0.71,168,2.86,3.69,NA
Q3,1988-09-13,0.52,138,2.03,2.77,8
Q3,1988-09-20,0.59,130,2.49,3.59,NA
Q3,1988-09-27,0.64,127,2.82,3.25,NA
Q3,1988-10-04,0.55,NA,1.98,2.69,64
Q3,1988-10-11,0.6,187,2.71,3.17,38
Q3,1988-10-18,NA,205,NA,NA,57
Q3,1988-10-25,0.69,163,2.44,3.49,NA
Q3,1988-11-01,0.74,202,2.68,3.75,NA
Q3,1988-11-07,0.69,194,2.76,3.94,NA
Q3,1988-11-15,0.71,162,2.64,3.63,NA
Q3,1988-11-22,0.7,170,2.27,NA,NA
Q3,1988-11-29,0.69,179,2.78,3.81,NA
Q3,1988-12-06,0.67,198,2.78,3.88,NA
Q3,1988-12-13,0.77,183,2.91,4.02,NA
Q3,1988-12-20,0.77,205,2.79,3.98,NA
Q3,1988-12-27,0.77,184,2.66,3.75,NA
Q3,1989-01-03,0.75,165,2.87,4,NA
Q3,1989-01-10,0.8,276,2.24,3.45,NA
Q3,1989-01-17,0.78,10,2.72,3.83,NA
Q3,1989-01-24,0.85,196,2.86,4.04,NA
Q3,1989-01-31,0.82,219,2.89,3.94,NA
Q3,1989-02-07,0.85,218,2.82,3.99,NA
Q3,1989-02-14,0.74,227,3,3.85,NA
Q3,1989-02-21,0.72,161,2.75,3.67,NA
Q3,1989-02-28,0.72,146,2.64,3.44,NA
Q3,1989-03-07,0.72,180,2.94,3.9,NA
Q3,1989-03-09,NA,NA,NA,NA,NA
Q3,1989-03-14,0.72,116,2.61,3.55,NA
Q3,1989-03-21,0.7,173,2.84,3.41,NA
Q3,1989-03-28,0.66,182,2.84,3.42,NA
Q3,1989-04-04,0.69,173,2.69,3.77,NA
Q3,1989-04-11,0.69,146,2.4,3.62,NA
Q3,1989-04-18,0.67,147,2.74,4.24,NA
Q3,1989-04-25,0.78,186,2.83,4.31,NA
Q3,1989-05-02,0.78,171,2.95,4.46,NA
Q3,1989-05-09,0.8,143,2.42,3.76,NA
Q3,1989-05-16,0.84,161,2.91,4.14,NA
Q3,1989-05-23,0.7,190,3.04,4.27,NA
Q3,1989-05-30,0.79,163,2.96,4.09,NA
Q3,1989-06-06,0.77,132,3.07,4.02,NA
Q3,1989-06-13,0.62,144,2.95,4.41,NA
Q3,1989-06-20,0.71,17,2.97,4.12,NA
Q3,1989-06-27,0.71,32,3.29,3.73,NA
Q3,1989-07-05,0.75,10,1.59,1.31,NA
Q3,1989-07-11,0.86,132,2.83,3.89,NA
Q3,1989-07-18,0.85,10,2.56,3.94,NA
Q3,1989-07-26,0.81,41,2.73,3.8,NA
Q3,1989-08-01,0.84,159,2.74,3.74,NA
Q3,1989-08-08,0.95,268,3.26,4.2,NA
Q3,1989-08-15,0.82,207,3.06,3.92,NA
Q3,1989-08-22,0.65,142,1.58,2.31,NA
Q3,1989-08-29,NA,233,0.1,3.38,NA
Q3,1989-09-05,0.75,103,2.89,4.07,NA
Q3,1989-09-12,0.78,94,2.92,3.79,NA
Q3,1989-09-20,NA,NA,NA,NA,NA
Q3,1989-09-22,0.89,NA,2.63,3.34,NA
Q3,1989-09-26,1.15,NA,2.86,3.72,NA
Q3,1989-09-26,1.14,NA,2.54,1.5,NA
Q3,1989-10-03,1.02,52,3.04,3.89,NA
Q3,1989-10-05,1,NA,NA,NA,NA
Q3,1989-10-10,0.93,NA,3.03,3.95,NA
Q3,1989-10-17,1.32,173,3.38,4.34,NA
Q3,1989-10-24,1.33,404,3.37,4.4,NA
Q3,1989-10-31,1.48,582,4.17,4.61,NA
Q3,1989-11-07,1.81,657,3.71,4.33,NA
Q3,1989-11-08,3.44,905,3.67,3.33,NA
Q3,1989-11-14,1.58,444,3.47,1.74,NA
Q3,1989-11-21,1.45,340,3.34,3.97,NA
Q3,1989-11-28,1.15,328,3.47,4.89,NA
Q3,1989-12-05,1,315,3.41,5.01,NA
Q3,1989-12-12,1.01,10,3.57,5.15,NA
Q3,1989-12-19,0.99,303,3.55,5.27,NA
Q3,1989-12-26,0.98,361,3.5,5.24,NA
Q3,1990-01-02,2.46,NA,3.8,5.11,NA
Q3,1990-01-09,1.2,304,3.61,5.2,NA
Q3,1990-01-16,1.31,36,3.64,5.33,NA
Q3,1990-01-23,1.32,92,3.55,5.09,NA
Q3,1990-01-30,1.34,34,3.57,5.27,NA
Q3,1990-02-06,1.19,395,3.42,5.16,NA
Q3,1990-02-13,1.44,530,3.72,5.13,NA
Q3,1990-02-20,1.5,395,3.58,5.02,NA
Q3,1990-02-27,1.36,313,3.6,5.04,NA
Q3,1990-03-06,1.26,318,3.7,5.27,NA
Q3,1990-03-13,1.99,56,2.36,3.36,NA
Q3,1990-03-20,1.49,751,3.35,4.64,NA
Q3,1990-03-27,1.5,644,3.08,4.4,NA
Q3,1990-04-03,1.23,NA,3.55,4.94,NA
Q3,1990-04-10,1.15,225,3.63,5.11,NA
Q3,1990-04-17,1.17,148,3.62,5.13,NA
Q3,1990-04-24,1.18,10,3.62,5.19,NA
Q3,1990-04-25,1.72,136,0.45,0.6,NA
Q3,1990-04-25,1.56,970,0.7,0.88,NA
Q3,1990-04-25,1.46,691,0.57,0.71,NA
Q3,1990-04-26,1.45,352,2.4,3.08,NA
Q3,1990-05-01,1.12,262,3.35,4.57,NA
Q3,1990-05-08,1.25,10,3.48,4.86,NA
Q3,1990-05-10,1.59,780,2.02,2.84,NA
Q3,1990-05-15,1.34,373,3.28,4.58,NA
Q3,1990-05-22,1.28,275,3.53,4.8,NA
Q3,1990-05-29,1.37,348,3.24,4.35,NA
Q3,1990-06-05,1.26,188,3.66,4.81,NA
Q3,1990-06-12,1.27,154,3.65,4.76,NA
Q3,1990-06-19,1.26,337,3.44,4.53,NA
Q3,1990-06-26,1.26,379,2.76,3.81,NA
Q3,1990-07-03,1.16,236,3.72,5.09,NA
Q3,1990-07-10,1.14,261,3.69,5.04,NA
Q3,1990-07-17,1.05,97,3.69,5.3,NA
Q3,1990-07-24,1.23,NA,1.97,2.88,NA
Q3,1990-07-31,1.04,142,3.73,5.31,NA
Q3,1990-08-07,1,211,4.05,5.8,NA
Q3,1990-08-14,1.1,424,2.88,8.74,NA
Q3,1990-08-21,1.04,215,3.55,5.06,NA
Q3,1990-08-28,1.01,139,3.51,5.24,NA
Q3,1990-09-04,0.99,10,3.66,5.44,NA
Q3,1990-09-11,0.97,11,3.54,5.3,NA
Q3,1990-09-18,0.97,83,3.52,5.19,NA
Q3,1990-09-25,0.93,105,3.49,5.31,NA
Q3,1990-10-02,0.94,168,2.87,4.26,NA
Q3,1990-10-09,1.04,93,3.35,4.82,NA
Q3,1990-10-16,0.92,108,5.21,10.38,NA
Q3,1990-10-23,0.94,181,2.91,4.26,NA
Q3,1990-10-30,0.95,104,1.7,4.24,NA
Q3,1990-11-06,0.96,178,2.7,3.9,NA
Q3,1990-11-13,0.91,163,3.39,4.6,NA
Q3,1990-11-20,0.86,171,3.54,4.82,NA
Q3,1990-11-27,0.84,234,3.19,4.61,NA
Q3,1990-12-04,1.04,NA,1.76,2.58,NA
Q3,1990-12-04,0.88,164,1.59,6.81,NA
Q3,1990-12-11,0.82,114,3.5,5.07,NA
Q3,1990-12-14,1.76,258,1.72,2.76,NA
Q3,1990-12-18,0.73,322,3.45,4.86,NA
Q3,1990-12-25,0.92,189,3.5,5.01,NA
Q3,1990-12-31,1.12,192,2.32,3.27,NA
Q3,1991-01-08,1.04,168,3.24,4.65,NA
Q3,1991-01-15,0.73,NA,3.22,4.47,NA
Q3,1991-01-22,0.77,111,3.51,4.74,NA
Q3,1991-01-29,0.79,NA,3.38,7.41,NA
Q3,1991-02-05,0.78,11,2.96,4.53,NA
Q3,1991-02-12,0.9,137,8.7,5.43,NA
Q3,1991-02-19,0.86,306,2.57,4.07,NA
Q3,1991-02-26,0.83,174,3.38,4.49,NA
Q3,1991-03-05,0.7,168,3.34,4.82,NA
Q3,1991-03-12,0.74,173,3.28,5,NA
Q3,1991-03-19,0.76,229,3.19,4.69,NA
Q3,1991-03-22,NA,NA,NA,NA,NA
Q3,1991-03-26,0.7,152,3.46,5.13,NA
Q3,1991-04-02,0.76,80,3.5,5.06,NA
Q3,1991-04-09,0.71,23,3.19,4.77,NA
Q3,1991-04-15,0.94,21,3.11,4.42,NA
Q3,1991-04-23,0.94,44,3.11,4.57,NA
Q3,1991-04-30,0.9,92,1.97,2.88,NA
Q3,1991-05-07,0.85,16,3.72,3.7,NA
Q3,1991-05-14,0.85,NA,3.44,3.68,NA
Q3,1991-05-21,0.94,45,3.61,5.1,NA
Q3,1991-05-28,0.86,78,3.08,5.68,NA
Q3,1991-05-31,0.9,NA,3.41,3.64,NA
Q3,1991-06-01,NA,NA,NA,NA,NA
Q3,1991-06-04,0.92,13,3.46,3.7,NA
Q3,1991-06-11,0.87,105,3.39,5,NA
Q3,1991-06-18,0.9,149,3.51,4.89,NA
Q3,1991-06-25,0.9,6,3.46,3.62,NA
Q3,1991-07-02,0.9,184,3.33,3.61,NA
Q3,1991-07-09,0.79,118,3.16,3.52,NA
Q3,1991-07-16,1.31,NA,3.5,5.04,NA
Q3,1991-07-23,0.72,158,3.14,5.06,NA
Q3,1991-07-30,0.66,10,3.27,5,NA
Q3,1991-08-06,0.77,314,4.01,4.1,NA
Q3,1991-08-13,0.78,10,4.44,5.19,NA
Q3,1991-08-20,NA,13,4.3,5.86,NA
Q3,1991-08-27,0.97,26,3.38,5.05,NA
Q3,1991-08-27,2.49,50,1.12,1.63,NA
Q3,1991-09-03,0.92,232,3.38,4.65,NA
Q3,1991-09-10,0.66,93,2.55,4.1,NA
Q3,1991-09-17,0.85,165,3.1,4.76,NA
Q3,1991-09-24,0.72,119,4.42,6.01,NA
Q3,1991-10-01,0.92,97,2.95,4.51,NA
Q3,1991-10-08,0.92,167,3.49,4.84,NA
Q3,1991-10-15,1,186,3.8,5.34,NA
Q3,1991-10-22,0.82,166,3.22,3.82,NA
Q3,1991-10-29,0.42,61,4.88,5.71,NA
Q3,1991-11-05,0.71,163,1.81,5.8,NA
Q3,1991-11-07,1.05,96,1.55,2.08,NA
Q3,1991-11-08,1.12,143,1.81,2.09,NA
Q3,1991-11-12,1.25,271,3.23,3.99,NA
Q3,1991-11-18,0.88,208,3.31,4.68,NA
Q3,1991-11-22,0.89,98,1.64,1.96,NA
Q3,1991-11-26,0.88,197,3.05,3.72,NA
Q3,1991-12-03,0.94,25,2.83,3.43,NA
Q3,1991-12-10,0.8,242,3,3.96,NA
Q3,1991-12-17,0.9,264,3.13,3.66,NA
Q3,1991-12-23,0.75,237,3.12,4.77,NA
Q3,1991-12-30,1.11,254,3.35,7.58,NA
Q3,1992-01-07,1.04,279,2.91,4.31,NA
Q3,1992-01-14,0.92,235,3.1,4.52,NA
Q3,1992-01-21,0.89,218,3.37,5.02,NA
Q3,1992-01-28,0.9,219,3.43,5.4,NA
Q3,1992-02-04,1,94,2.3,2.41,NA
Q3,1992-02-06,1.31,156,2.17,3.36,NA
Q3,1992-02-11,0.94,17,3.18,4.81,NA
Q3,1992-02-18,1.19,144,4.36,6.59,NA
Q3,1992-02-25,0.87,333,3.71,6.37,NA
Q3,1992-03-03,0.89,196,3.85,6.62,NA
Q3,1992-03-10,0.98,162,3.33,4.01,NA
Q3,1992-03-17,1.7,183,3.87,7.11,NA
Q3,1992-03-24,1.81,NA,3.73,7.03,NA
Q3,1992-04-01,1.04,102,3.16,6.09,NA
Q3,1992-04-07,1.31,10,3.13,6.27,NA
Q3,1992-04-14,0.63,14,2.14,8.08,NA
Q3,1992-04-21,0.85,19,3.24,4.31,NA
Q3,1992-04-28,0.96,28,3.36,5.81,NA
Q3,1992-05-05,1.41,168,3.1,4.29,NA
Q3,1992-05-12,0.89,168,3.6,5.04,NA
Q3,1992-05-19,0.8,131,3.84,5.54,NA
Q3,1992-05-26,0.79,NA,2.23,3.25,NA
Q3,1992-06-02,1.09,53,1.28,2.16,NA
Q3,1992-06-09,0.88,10,3.25,4.86,NA
Q3,1992-06-16,0.77,333,1.75,2.5,NA
Q3,1992-06-23,0.83,29,2.16,3.04,NA
Q3,1992-06-30,0.96,32,3.5,5.14,NA
Q3,1992-07-07,1,29,3.48,5.44,NA
Q3,1992-07-14,0.82,43,3.26,4.52,NA
Q3,1992-07-21,0.99,48,3.5,4.97,NA
Q3,1992-07-28,0.83,90,3.34,4.97,NA
Q3,1992-08-04,1.06,26,3.42,4.92,NA
Q3,1992-08-11,0.85,26,1.9,2.87,NA
Q3,1992-08-18,0.83,99,3.54,5.15,NA
Q3,1992-08-25,2.93,11,3.43,4.16,NA
Q3,1992-09-01,0.76,10,0.61,2.46,NA
Q3,1992-09-08,1.1,10,3.83,5.73,NA
Q3,1992-09-15,0.84,38,3.62,5.67,NA
Q3,1992-09-22,0.84,122,2.92,4.07,NA
Q3,1992-09-29,0.9,105,3,4.32,NA
Q3,1992-10-06,0.81,142,3.39,4.39,NA
Q3,1992-10-13,1.09,46,4.48,6.66,NA
Q3,1992-10-20,0.84,7,3.63,5,NA
Q3,1992-10-27,0.86,27,3.48,5.22,NA
Q3,1992-11-03,0.91,116,3.25,4.79,NA
Q3,1992-11-10,0.85,85,2.22,3.02,NA
Q3,1992-11-17,1.61,14,2.91,4.14,NA
Q3,1992-11-24,0.85,10,3.06,4.14,NA
Q3,1992-12-01,0.87,13,2.66,3.58,NA
Q3,1992-12-08,2.08,23,7.51,9.78,NA
Q3,1992-12-15,0.86,21,2.99,4.07,NA
Q3,1992-12-22,NA,NA,NA,NA,NA
Q3,1992-12-22,0.87,NA,1.84,3.24,NA
Q3,1992-12-29,0.98,NA,2.78,4,NA
Q3,1993-01-05,0.79,NA,2.96,4.11,NA
Q3,1993-01-12,0.76,NA,3.02,3.59,NA
Q3,1993-01-19,0.73,NA,3.03,4,NA
Q3,1993-01-26,0.89,NA,2.93,3.55,NA
Q3,1993-02-02,0.79,NA,3.17,4.06,NA
Q3,1993-02-09,1.06,NA,3.37,4.08,NA
Q3,1993-02-16,0.56,NA,2.12,3.69,NA
Q3,1993-02-23,0.84,NA,3.35,4.39,NA
Q3,1993-03-02,0.89,207,3.24,4.87,NA
Q3,1993-03-09,0.66,13,3.49,4.71,NA
Q3,1993-03-16,0.87,210,3.48,4.88,NA
Q3,1993-03-23,0.93,63,3.05,3.92,NA
Q3,1993-03-30,0.78,116,3.42,4.61,NA
Q3,1993-04-06,0.82,168,3.79,5.55,NA
Q3,1993-04-13,0.94,162,3.69,5.39,NA
Q3,1993-04-20,0.97,156,3.28,4.77,NA
Q3,1993-04-27,0.65,145,5.21,2.16,NA
Q3,1993-05-04,0.69,NA,2.73,3.83,NA
Q3,1993-05-11,0.94,NA,2.75,3.62,NA
Q3,1993-05-18,1.25,NA,2.81,3.73,NA
Q3,1993-05-25,0.73,NA,2.62,3.83,NA
Q3,1993-06-01,0.73,16,3.03,4.41,NA
Q3,1993-06-08,NA,NA,NA,NA,NA
Q3,1993-06-15,0.69,8,3.36,4.72,NA
Q3,1993-06-15,NA,NA,NA,NA,NA
Q3,1993-06-22,0.68,36,2.23,3.47,NA
Q3,1993-06-29,1.13,NA,4.64,6.12,NA
Q3,1993-07-06,0.69,176,3.07,4.63,NA
Q3,1993-07-13,0.68,NA,2.97,4.34,NA
Q3,1993-07-20,0.86,NA,1.66,4.35,NA
Q3,1993-07-27,0.85,NA,1.49,4.05,NA
Q3,1993-08-03,0.84,21,3.25,4.91,NA
Q3,1993-08-10,0.86,86,3.35,4.87,NA
Q3,1993-08-17,1.11,80,4.54,6.38,NA
Q3,1993-08-24,0.87,324,3.45,4.84,NA
Q3,1993-08-31,0.76,18,2.6,4.01,NA
Q3,1993-09-07,0.69,88,3.24,4.44,NA
Q3,1993-09-14,1.08,NA,4.08,5.45,NA
Q3,1993-09-21,0.68,124,3.08,4.69,NA
Q3,1993-09-28,1,51,NA,3.99,NA
Q3,1993-10-05,0.62,57,3.13,4.3,NA
Q3,1993-10-13,0.96,16,3.05,4.53,NA
Q3,1993-10-19,0.69,8,1.71,3.69,NA
Q3,1993-10-26,0.74,6,2.95,4.3,NA
Q3,1993-11-02,0.69,NA,3.56,5.11,NA
Q3,1993-11-09,0.78,NA,3.06,4.68,NA
Q3,1993-11-16,0.77,NA,2.39,3.73,NA
Q3,1993-11-23,1.15,54,3.77,5.16,NA
Q3,1993-11-30,0.77,NA,2.33,3.48,NA
Q3,1993-12-07,0.97,NA,3.27,4.82,NA
Q3,1993-12-14,0.97,21,4.08,5.84,NA
Q3,1993-12-21,1.15,22,3.34,3.83,NA
Q3,1993-12-28,0.78,NA,2.62,3.39,NA
Q3,1994-01-04,0.72,NA,1.58,4.12,NA
Q3,1994-01-11,0.67,NA,1.44,3.66,NA
Q3,1994-01-18,0.97,NA,1.62,4.29,NA
Q3,1994-01-25,0.68,10,3.4,4.78,NA
Q3,1994-02-01,0.73,16,3.11,4.12,NA
Q3,1994-02-08,0.83,NA,3.11,4.22,NA
Q3,1994-02-15,0.74,NA,3.32,4.08,NA
Q3,1994-02-22,0.96,NA,2.12,3.09,NA
Q3,1994-03-01,0.9,NA,3.3,4.78,NA
Q3,1994-03-08,0.89,12,3.37,4.89,NA
Q3,1994-03-15,0.84,6,3.41,5.05,NA
Q3,1994-03-22,0.8,NA,3.67,5.62,NA
Q3,1994-03-29,0.96,16,3.73,5.74,NA
Q3,1994-04-05,0.94,13,3.61,5.68,NA
Q3,1994-04-12,0.74,146,3.13,4.68,NA
Q3,1994-04-19,1.08,141,3.47,4.68,NA
Q3,1994-04-26,0.88,22,3.62,5.51,NA
Q3,1994-05-03,0.74,9,3.77,5.87,NA
Q3,1994-05-10,0.82,23,2.62,3.95,NA
Q3,1994-05-17,0.8,22,2.68,3.87,NA
Q3,1994-05-24,0.81,24,3.55,5.18,NA
Q3,1994-05-31,1.03,25,4.68,6.76,NA
Q3,1994-06-07,0.92,8,3.75,5.45,NA
Q3,1994-06-14,0.72,11,3.76,5.54,NA
Q3,1994-06-21,0.98,10,3.82,5.49,NA
Q3,1994-06-28,0.9,NA,3.51,5.08,NA
Q3,1994-06-30,1.09,129,2.26,3.01,NA
Q3,1994-07-05,0.86,7,3.94,5.7,NA
Q3,1994-07-12,0.71,145,3.7,5.47,NA
Q3,1994-07-19,1.05,110,3.6,5.26,NA
Q3,1994-07-26,0.76,NA,3.54,4.95,NA
Q3,1994-08-02,0.83,NA,3.4,4.74,NA
Q3,1994-08-09,0.77,NA,3.38,4.85,NA
Q3,1994-08-16,0.92,NA,3.6,5.04,NA
Q3,1994-08-23,0.99,NA,4.47,5.9,NA
Q3,1994-08-30,0.69,NA,3.52,5.08,NA
Q3,1994-09-06,1.01,NA,4.64,6.98,NA
Q3,1994-09-13,0.72,NA,3.67,5.25,NA
Q3,1994-09-20,0.9,NA,1.48,2.03,NA
Q3,1994-09-27,0.83,NA,3.53,5.34,NA
Q3,1994-10-04,0.86,NA,3.73,5.7,NA
Q3,1994-10-11,0.77,NA,3.09,4.13,NA
Q3,1994-10-18,0.91,NA,3.4,5.18,NA
Q3,1994-10-25,1.03,NA,2.89,3.92,NA
Q3,1994-11-01,0.94,NA,3.51,5.21,NA
Q3,1994-11-08,0.78,NA,2.2,3.18,NA
Q3,1994-11-15,0.8,NA,3.05,4.35,NA
Q3,1994-11-22,0.86,NA,2.99,4.04,NA
Q3,1994-11-29,0.67,NA,2.87,3.98,NA
Q3,1994-12-06,0.73,NA,2.97,4.16,NA
Q3,1994-12-13,0.78,NA,3.11,4.57,NA
Q3,1994-12-20,1.27,NA,3.78,5.37,NA
Q3,1994-12-27,0.8,NA,3.26,4.85,NA
MPR,1989-05-16,0.77,69,1.92,6.15,NA
MPR,1989-05-23,0.72,69,2.41,7.17,NA
MPR,1989-05-30,0.7,79,1.6,5.19,NA
MPR,1989-06-06,0.59,85,1.69,6.6,NA
MPR,1989-06-13,0.65,70,2.06,6.66,NA
MPR,1989-06-20,0.66,71,1.98,7.64,NA
MPR,1989-06-27,0.7,NA,3.31,7.83,NA
MPR,1989-07-05,0.62,10,0.82,3.17,NA
MPR,1989-07-11,0.76,24,1.85,7.94,NA
MPR,1989-07-26,0.69,10,1.5,6.95,NA
MPR,1989-08-01,0.73,90,1.66,7.08,NA
MPR,1989-08-08,0.7,183,1.85,7.4,NA
MPR,1989-08-15,0.74,41,1.87,7.43,NA
MPR,1989-08-22,0.61,114,1.17,5,NA
MPR,1989-08-29,0.56,29,NA,4.3,NA
MPR,1989-09-12,0.6,49,1.42,5.61,NA
MPR,1989-10-03,1.01,80,2.84,4.16,NA
MPR,1989-10-10,1.01,71,2.19,7.94,NA
MPR,1989-10-24,1.17,247,2.23,8.19,NA
MPR,1989-11-07,1.6,614,1.79,6.9,NA
MPR,1989-11-14,1.26,357,1.92,7.34,NA
MPR,1989-11-21,NA,212,NA,NA,NA
MPR,1989-11-28,0.91,170,2.45,10.08,NA
MPR,1989-12-05,0.84,10,2.58,10.72,NA
MPR,1989-12-12,0.44,6,3.62,4.12,NA
MPR,1989-12-19,0.31,NA,NA,NA,NA
MPR,1989-12-26,0.81,179,2.69,11.82,NA
MPR,1990-01-02,1.74,NA,1.8,6.25,NA
MPR,1990-01-09,1.01,113,2.52,10.82,NA
MPR,1990-01-16,1,99,2.35,10.72,NA
MPR,1990-01-23,1.04,24,2.14,8.7,NA
MPR,1990-01-30,0.98,335,2.11,9.27,NA
MPR,1990-02-06,1.04,215,2.33,10.95,NA
MPR,1990-02-13,1.18,308,2.35,9.39,NA
MPR,1990-02-20,1.18,32,2.2,9.05,NA
MPR,1990-02-27,1.02,250,2.18,NA,NA
MPR,1990-03-06,1.06,160,2.44,9.99,NA
MPR,1990-03-13,1.17,333,1,3.84,NA
MPR,1990-03-20,0.95,226,2.21,8.49,NA
MPR,1990-03-27,1.19,336,1.62,5.46,NA
MPR,1990-04-03,0.93,123,2.15,8.32,NA
MPR,1990-04-10,1,124,2.42,10.45,NA
MPR,1990-04-17,0.99,130,2.16,9.07,NA
MPR,1990-04-24,0.99,10,2.41,10.48,NA
MPR,1990-05-01,1.01,183,2.14,8.95,NA
MPR,1990-05-08,1.01,17,2.44,10.49,NA
MPR,1990-05-15,0.95,250,1.7,8.31,NA
MPR,1990-05-22,1,117,2.33,10.22,NA
MPR,1990-05-29,1.07,217,2.12,9.24,NA
MPR,1990-06-05,1.01,212,2.03,8.75,NA
MPR,1990-06-12,1,213,2.11,9.06,NA
MPR,1990-06-19,0.94,184,2.12,8.42,NA
MPR,1990-06-26,0.87,237,1.58,6.25,NA
MPR,1990-07-03,0.95,129,2.42,10.04,NA
MPR,1990-07-10,0.91,153,2.35,9.93,NA
MPR,1990-07-17,0.86,10,2.16,9.08,NA
MPR,1990-07-24,0.98,328,1.13,4.31,NA
MPR,1990-07-31,0.85,115,2.42,10.87,NA
MPR,1990-08-07,0.89,101,2.76,11.45,NA
MPR,1990-08-14,0.83,339,1.15,6.78,NA
MPR,1990-08-21,0.85,127,2.35,10.15,NA
MPR,1990-08-28,0.85,85,2.17,10.11,NA
MPR,1990-09-04,0.85,112,2.12,9.01,NA
MPR,1990-09-11,0.86,67,2.23,10.02,NA
MPR,1990-09-18,0.83,129,1.78,8.39,NA
MPR,1990-09-25,0.86,112,2.3,9.94,NA
MPR,1990-10-02,0.76,88,2.09,8.94,NA
MPR,1990-10-09,0.87,119,1.95,8.3,NA
MPR,1990-10-16,0.78,138,2.17,8.05,NA
MPR,1990-10-23,0.78,170,1.95,8,NA
MPR,1990-10-30,0.71,133,1.36,4.39,NA
MPR,1990-11-06,0.76,7,1.81,6.96,NA
MPR,1990-11-13,0.77,NA,2.36,8.43,NA
MPR,1990-11-20,0.78,171,2.33,9.45,NA
MPR,1990-11-27,0.72,183,1.87,8.49,NA
MPR,1990-12-04,0.7,216,0.36,0.21,NA
MPR,1990-12-11,0.62,89,2.26,9.73,NA
MPR,1990-12-18,0.56,165,2.14,9.49,NA
MPR,1990-12-25,0.75,110,3.36,10.45,NA
MPR,1990-12-31,0.88,158,1.18,4.72,NA
MPR,1991-01-08,0.77,127,1.96,9.05,NA
MPR,1991-01-15,0.59,NA,2.09,8.5,NA
MPR,1991-01-22,0.35,123,3.34,5.02,NA
MPR,1991-01-29,0.66,106,2.34,5.24,NA
MPR,1991-02-05,0.66,234,1.58,6.49,NA
MPR,1991-02-12,0.74,63,2.31,9.52,NA
MPR,1991-02-19,0.62,219,1.36,5.63,NA
MPR,1991-02-26,0.65,32,2.05,7.68,NA
MPR,1991-03-05,0.6,NA,2.09,8.65,NA
MPR,1991-03-12,2.7,114,2.18,9.9,NA
MPR,1991-03-19,0.76,164,1.62,6.9,NA
MPR,1991-03-26,0.63,133,2.14,NA,NA
MPR,1991-04-02,0.67,14,2.23,4.58,NA
MPR,1991-04-15,0.75,29,1.13,4.31,NA
MPR,1991-04-23,0.85,70,1.33,4,NA
MPR,1991-04-30,0.83,55,1.13,4.31,NA
MPR,1991-05-07,0.66,32,0.84,5.02,NA
MPR,1991-05-14,0.73,75,0.84,5.09,NA
MPR,1991-05-21,0.73,45,NA,NA,NA
MPR,1991-05-28,NA,10,0.36,NA,NA
MPR,1991-06-04,0.84,86,0.87,5.08,NA
MPR,1991-06-11,NA,68,0.45,NA,NA
MPR,1991-06-18,NA,54,NA,NA,NA
MPR,1991-06-25,0.79,6,0.87,5.14,NA
MPR,1991-07-02,0.75,138,0.8,5.31,NA
MPR,1991-07-09,0.79,135,0.91,5.06,NA
MPR,1991-07-16,1.02,25,2.23,4.58,NA
MPR,1991-07-23,0.67,10,2.23,4.58,NA
MPR,1991-07-30,0.64,10,2.44,4.26,NA
MPR,1991-08-06,0.75,79,3,10.24,NA
MPR,1991-08-13,0.78,NA,3.27,10.91,NA
MPR,1991-08-20,0.71,NA,2.9,11.19,NA
MPR,1991-08-27,1.08,109,2.97,8.74,NA
MPR,1991-09-03,0.89,15,2.19,7.95,NA
MPR,1991-09-10,1.09,56,2.74,11.21,NA
MPR,1991-09-17,0.79,86,2.39,8.31,NA
MPR,1991-09-24,0.67,94,2.91,11.02,NA
MPR,1991-10-01,0.77,122,1.9,6.18,NA
MPR,1991-10-08,0.79,81,2.22,8.04,NA
MPR,1991-10-15,0.76,285,2.07,7.26,NA
MPR,1991-10-22,0.76,104,2.3,7.33,NA
MPR,1991-10-29,NA,107,NA,NA,NA
MPR,1991-11-05,0.26,100,0.55,1.53,NA
MPR,1991-11-12,0.83,196,2.22,7.1,NA
MPR,1991-11-18,0.92,27,2.62,8.78,NA
MPR,1991-11-26,0.83,114,2.23,6.72,NA
MPR,1991-12-03,0.67,10,1.77,6.48,NA
MPR,1991-12-10,0.74,127,2.04,7.07,NA
MPR,1991-12-17,0.23,128,0.46,0.35,NA
MPR,1991-12-23,0.68,143,2.22,9.57,NA
MPR,1991-12-30,0.71,99,2.3,10.13,NA
MPR,1992-01-07,1.03,196,1.54,6.67,NA
MPR,1992-01-14,0.71,149,1.85,8.11,NA
MPR,1992-01-21,0.79,109,2.26,9.51,NA
MPR,1992-01-28,0.77,94,2.16,9.06,NA
MPR,1992-02-04,0.88,179,2.04,9.2,NA
MPR,1992-02-11,0.9,56,2.52,10.78,NA
MPR,1992-02-18,0.95,35,2.76,11.37,NA
MPR,1992-02-25,0.9,205,2.02,15.31,NA
MPR,1992-03-03,0.82,201,1.96,15.81,NA
MPR,1992-03-10,1.67,109,2.33,11.05,NA
MPR,1992-03-17,0.92,112,2.23,8.29,NA
MPR,1992-03-24,0.93,NA,1.59,2.61,NA
MPR,1992-04-01,1.1,52,1.75,8.54,NA
MPR,1992-04-07,1.06,105,3.47,4.88,NA
MPR,1992-04-14,0.23,48,7.21,NA,NA
MPR,1992-04-21,0.64,27,2.2,8.43,NA
MPR,1992-04-28,1.11,54,2.54,9.9,NA
MPR,1992-05-05,0.73,100,1.73,8.18,NA
MPR,1992-05-12,0.86,28,1.97,8.19,NA
MPR,1992-05-19,0.93,97,2.21,9.37,NA
MPR,1992-05-26,0.94,NA,1.42,5.82,NA
MPR,1992-06-02,0.59,80,0.91,3.47,NA
MPR,1992-06-09,0.89,14,2.15,8.57,NA
MPR,1992-06-16,0.77,35,1.23,4.49,NA
MPR,1992-06-23,0.71,29,1.61,5.92,NA
MPR,1992-06-30,0.86,29,2.63,10.24,NA
MPR,1992-07-07,0.94,29,2.62,10.17,NA
MPR,1992-07-14,0.84,43,2.57,10,NA
MPR,1992-07-21,0.74,43,1.94,7.21,NA
MPR,1992-07-28,0.83,41,1.99,8.38,NA
MPR,1992-08-04,0.8,12,2.17,8.43,NA
MPR,1992-08-11,0.56,47,1,4.01,NA
MPR,1992-08-18,0.69,70,2.27,8.96,NA
MPR,1992-08-25,0.88,79,2.23,9.1,NA
MPR,1992-09-01,1.12,68,3.14,11.62,NA
MPR,1992-09-08,0.89,10,2.69,10.03,NA
MPR,1992-09-15,1.16,11,2.32,9.85,NA
MPR,1992-09-22,0.66,21,1.72,6.96,NA
MPR,1992-09-29,0.7,89,2.02,8.6,NA
MPR,1992-10-06,0.75,164,2.43,9.92,NA
MPR,1992-10-13,0.75,24,2.59,11.18,NA
MPR,1992-10-20,0.71,7,2.37,9.45,NA
MPR,1992-10-27,1.36,24,3.09,13.78,NA
MPR,1992-11-03,0.54,53,1.35,6.32,NA
MPR,1992-11-10,0.54,66,1,3.59,NA
MPR,1992-11-17,0.6,22,1.76,6.54,NA
MPR,1992-11-24,0.67,NA,1.62,6.2,NA
MPR,1992-12-01,0.94,37,1.91,7.38,NA
MPR,1992-12-08,0.65,19,1.99,8.04,NA
MPR,1992-12-15,0.35,14,1.45,7.31,NA
MPR,1992-12-22,NA,NA,NA,NA,NA
MPR,1992-12-29,0.67,NA,1.7,6.87,NA
MPR,1993-01-05,0.76,NA,1.9,7.55,NA
MPR,1993-01-12,0.82,NA,2.06,7.87,NA
MPR,1993-01-19,0.59,NA,2.06,7.93,NA
MPR,1993-01-26,0.75,NA,2.02,7.79,NA
MPR,1993-02-02,0.78,NA,1.97,7.66,NA
MPR,1993-02-09,0.75,NA,2.22,9.21,NA
MPR,1993-02-16,0.53,NA,1.25,5.59,NA
MPR,1993-02-23,0.88,NA,2.09,7.5,NA
MPR,1993-03-02,0.64,78,2.26,9.12,NA
MPR,1993-03-09,0.91,76,2.32,9.09,NA
MPR,1993-03-16,0.78,99,2.32,8.53,NA
MPR,1993-03-23,0.8,46,2.46,9.72,NA
MPR,1993-03-30,0.71,132,2.39,8.79,NA
MPR,1993-04-06,0.85,119,2.46,10.02,NA
MPR,1993-04-13,0.82,57,2.46,10.68,NA
MPR,1993-04-20,0.96,72,2.31,9.75,NA
MPR,1993-04-27,0.78,53,2.36,8.13,NA
MPR,1993-05-04,1.07,68,1.67,6.55,NA
MPR,1993-05-11,0.68,25,1.52,5.78,NA
MPR,1993-05-18,0.81,75,2.04,8.04,NA
MPR,1993-05-25,0.87,11,1.68,6.8,NA
MPR,1993-06-01,0.74,NA,1.74,6.9,NA
MPR,1993-06-08,0.83,56,2.34,9.04,NA
MPR,1993-06-15,NA,NA,NA,NA,NA
MPR,1993-06-15,0.72,17,1.77,7.26,NA
MPR,1993-06-22,1.01,NA,1.89,7.22,NA
MPR,1993-06-29,0.97,NA,3.29,14.36,NA
MPR,1993-07-06,0.64,148,2.19,8.71,NA
MPR,1993-07-13,0.64,NA,1.88,7.99,NA
MPR,1993-07-20,0.76,NA,2.14,8.47,NA
MPR,1993-07-27,0.7,NA,0.93,7.45,NA
MPR,1993-08-03,0.69,6,2.34,9.46,NA
MPR,1993-08-10,NA,NA,NA,NA,NA
MPR,1993-08-17,0.98,40,2.42,9.77,NA
MPR,1993-08-24,0.97,58,2.7,10.85,NA
MPR,1993-08-31,0.76,NA,1.48,6,NA
MPR,1993-09-07,0.96,99,1.9,7.65,NA
MPR,1993-09-14,0.91,56,2.55,10.58,NA
MPR,1993-09-21,0.76,54,1.97,8.35,NA
MPR,1993-09-28,0.35,6,1.44,6.78,NA
MPR,1993-10-05,0.8,19,2.02,7.36,NA
MPR,1993-10-13,0.71,70,2.14,8.03,NA
MPR,1993-10-19,0.59,8,1.14,7.11,NA
MPR,1993-10-26,0.8,83,1.77,7.03,NA
MPR,1993-11-02,0.61,47,2.86,9.12,NA
MPR,1993-11-09,0.65,7,1.61,6.58,NA
MPR,1993-11-16,1.05,53,1.93,6.56,NA
MPR,1993-11-23,0.94,17,2.81,9.7,NA
MPR,1993-11-30,0.6,19,1.38,5.15,NA
MPR,1993-12-07,0.54,NA,2.22,8.14,NA
MPR,1993-12-14,0.7,52,2.35,9.98,NA
MPR,1993-12-21,0.64,25,1.29,5.59,NA
MPR,1993-12-28,0.24,NA,0.52,NA,NA
MPR,1994-01-04,0.56,NA,1.02,7.47,NA
MPR,1994-01-11,0.12,NA,0.18,0.21,NA
MPR,1994-01-18,0.55,NA,1.02,7.12,NA
MPR,1994-01-25,0.59,NA,2.17,8.87,NA
MPR,1994-02-01,0.56,5,1.96,7.52,NA
MPR,1994-02-08,0.69,9,1.95,7.54,NA
MPR,1994-02-15,0.55,NA,2.06,8.1,NA
MPR,1994-02-22,0.54,5,0.97,4,NA
MPR,1994-03-01,0.74,NA,2.08,8.55,NA
MPR,1994-03-08,0.79,NA,2.32,9.86,NA
MPR,1994-03-15,0.72,NA,2.41,10.44,NA
MPR,1994-03-22,0.81,9,2.56,11.28,NA
MPR,1994-03-29,0.77,NA,2.48,11.17,NA
MPR,1994-04-05,0.83,NA,2.63,12.21,NA
MPR,1994-04-12,0.7,NA,1.57,5.97,NA
MPR,1994-04-19,0.61,NA,1.88,8.26,NA
MPR,1994-04-26,0.74,19,2.4,10.82,NA
MPR,1994-05-03,0.77,27,2.59,11.6,NA
MPR,1994-05-10,0.6,19,1.32,5.12,NA
MPR,1994-05-17,1,18,1.61,6.88,NA
MPR,1994-05-24,0.82,19,2.31,10.3,NA
MPR,1994-05-31,1.2,29,3.34,11.44,NA
MPR,1994-06-07,0.8,12,2.18,8.58,NA
MPR,1994-06-14,0.97,15,2.55,10.15,NA
MPR,1994-06-21,0.84,14,2.56,10.04,NA
MPR,1994-06-28,0.82,NA,2.06,9.07,NA
MPR,1994-07-05,0.83,12,2.54,10.16,NA
MPR,1994-07-12,0.49,38,1.94,3.02,NA
MPR,1994-07-19,0.68,59,1.71,7.71,NA
MPR,1994-07-26,1.1,NA,2.43,12.08,NA
MPR,1994-08-02,0.73,NA,2.28,9.2,NA
MPR,1994-08-09,0.88,179,3.72,5.29,NA
MPR,1994-08-16,0.77,NA,2.18,11.23,NA
MPR,1994-08-23,0.85,NA,2.42,11.67,NA
MPR,1994-08-30,1.03,NA,3.25,11.65,NA
MPR,1994-09-06,0.97,NA,2.18,8.32,NA
MPR,1994-09-13,0.79,NA,2.33,9.85,NA
MPR,1994-09-20,0.73,NA,1.07,3.62,NA
MPR,1994-09-27,1.02,NA,2.03,10.54,NA
MPR,1994-10-04,0.85,NA,2.53,12.41,NA
MPR,1994-10-11,0.74,NA,1.84,8.15,NA
MPR,1994-10-18,0.89,NA,2.24,11.49,NA
MPR,1994-10-25,0.65,NA,1.63,6.89,NA
MPR,1994-11-01,0.82,NA,2.29,9.8,NA
MPR,1994-11-08,0.63,NA,1.36,5.86,NA
MPR,1994-11-15,0.73,NA,2.06,9.42,NA
MPR,1994-11-22,0.55,NA,1.39,6.05,NA
MPR,1994-11-29,0.89,80,2.29,6.94,NA
MPR,1994-12-06,0.92,6,2.95,6.41,NA
MPR,1994-12-13,0.6,NA,1.95,8.16,NA
MPR,1994-12-20,0.67,NA,2.22,10.04,NA
MPR,1994-12-27,0.61,NA,2.28,9.25,NA
