sample_id,sample_date,mg,mov_avg_mg
Q1,1988-01-05,2.66,1.9627272727272727
Q1,1988-01-12,2.61,2.026666666666667
Q1,1988-01-19,2.67,2.0761538461538462
Q1,1988-01-26,2.85,2.137857142857143
Q1,1988-01-29,1.48,2.137857142857143
Q1,1988-01-29,1.35,2.137857142857143
Q1,1988-01-29,1.64,2.137857142857143
Q1,1988-01-29,1.41,2.137857142857143
Q1,1988-01-29,1.59,2.137857142857143
Q1,1988-02-02,1.71,2.1926666666666668
Q1,1988-02-02,1.62,2.1926666666666668
Q1,1988-02-03,NA,2.1926666666666668
Q1,1988-02-04,NA,2.1926666666666668
Q1,1988-02-09,2.73,2.1566666666666667
Q1,1988-02-10,NA,2.1566666666666667
Q1,1988-02-16,2.67,2.164
Q1,1988-02-23,2.94,2.17
Q1,1988-03-01,2.96,1.9364705882352942
Q1,1988-03-08,2.12,1.99375
Q1,1988-03-15,2.72,1.99625
Q1,1988-03-23,2.76,1.99
Q1,1988-03-29,1.48,1.985625
Q1,1988-03-29,1.47,1.985625
Q1,1988-03-29,1.7,1.985625
Q1,1988-03-29,1.09,1.985625
Q1,1988-03-29,1.11,1.985625
Q1,1988-03-29,1.49,1.985625
Q1,1988-03-29,1.16,1.985625
Q1,1988-03-29,1.19,1.985625
Q1,1988-04-05,2.31,1.976875
Q1,1988-04-12,2.77,1.9523529411764706
Q1,1988-04-19,2.57,1.858235294117647
Q1,1988-04-26,2.87,1.7664705882352942
Q1,1988-05-03,2.82,2.191
Q1,1988-05-10,2.24,2.251
Q1,1988-05-10,NA,2.251
Q1,1988-05-10,NA,2.251
Q1,1988-05-10,NA,2.251
Q1,1988-05-10,1.44,2.251
Q1,1988-05-17,1.12,2.259
Q1,1988-05-24,1.2,2.197
Q1,1988-05-31,2.57,2.181
Q1,1988-06-07,2.91,2.183
Q1,1988-06-14,2.85,2.0766666666666667
Q1,1988-06-21,1.95,2.188
Q1,1988-06-28,2.71,2.233
Q1,1988-07-05,2.84,2.266
Q1,1988-07-12,0.54,2.267
Q1,1988-07-19,1.84,2.267
Q1,1988-07-22,2.47,2.267
Q1,1988-07-26,NA,1.9653846153846153
Q1,1988-07-26,1.65,1.9653846153846153
Q1,1988-08-02,2.9,1.9584615384615385
Q1,1988-08-09,2.92,1.9523076923076923
Q1,1988-08-16,2.85,2.0284615384615385
Q1,1988-08-23,2.71,2.058333333333333
Q1,1988-08-24,0.86,2.058333333333333
Q1,1988-08-24,NA,2.058333333333333
Q1,1988-08-24,NA,2.058333333333333
Q1,1988-08-24,0.47,2.058333333333333
Q1,1988-08-24,0.79,2.058333333333333
Q1,1988-08-30,2.62,2.1425
Q1,1988-09-06,2.76,2.075
Q1,1988-09-13,1.53,2.046666666666667
Q1,1988-09-20,2.64,1.9736363636363636
Q1,1988-09-27,2.66,2.43
Q1,1988-10-04,2.09,2.4425
Q1,1988-10-11,2.58,2.43875
Q1,1988-10-18,NA,2.5825
Q1,1988-10-25,2.56,2.5412500000000002
Q1,1988-11-01,2.72,2.55875
Q1,1988-11-07,2.73,2.61
Q1,1988-11-15,2.68,2.61875
Q1,1988-11-22,2.31,2.6333333333333333
Q1,1988-11-29,2.8,2.6466666666666665
Q1,1988-12-06,2.5,2.398888888888889
Q1,1988-12-13,2.65,2.3722222222222222
Q1,1988-12-20,2.75,2.3777777777777778
Q1,1988-12-27,2.68,2.431111111111111
Q1,1989-01-03,0.49,2.438888888888889
Q1,1989-01-10,2.49,2.47
Q1,1989-01-17,2.73,2.502222222222222
Q1,1989-01-24,2.79,2.5044444444444443
Q1,1989-01-31,2.87,2.5
Q1,1989-02-07,2.78,2.7688888888888887
Q1,1989-02-14,2.94,2.783333333333333
Q1,1989-02-21,2.77,2.8
Q1,1989-02-28,2.64,2.8033333333333332
Q1,1989-03-07,2.91,2.791111111111111
Q1,1989-03-09,NA,2.791111111111111
Q1,1989-03-14,NA,2.7466666666666666
Q1,1989-03-14,2.62,2.7466666666666666
Q1,1989-03-21,2.88,2.73
Q1,1989-03-28,2.82,2.7266666666666666
Q1,1989-04-04,2.76,2.7444444444444445
Q1,1989-04-11,2.38,2.7111111111111112
Q1,1989-04-18,2.79,2.738888888888889
Q1,1989-04-25,2.74,2.7399999999999998
Q1,1989-05-02,2.8,2.7555555555555555
Q1,1989-05-09,2.61,3.0011111111111113
Q1,1989-05-16,2.87,2.9655555555555555
Q1,1989-05-23,2.89,2.997777777777778
Q1,1989-05-30,2.96,3.0433333333333334
Q1,1989-06-06,4.97,2.8722222222222222
Q1,1989-06-13,2.06,2.91
Q1,1989-06-20,3.08,2.901111111111111
Q1,1989-06-27,3.15,2.868888888888889
Q1,1989-07-05,1.26,2.847777777777778
Q1,1989-07-11,2.95,2.6277777777777778
Q1,1989-07-18,2.79,2.7422222222222223
Q1,1989-07-26,2.6,2.5477777777777777
Q1,1989-08-01,2.77,2.493333333333333
Q1,1989-08-08,2.99,2.6822222222222223
Q1,1989-08-15,3.09,2.681111111111111
Q1,1989-08-22,1.33,2.6466666666666665
Q1,1989-08-29,2.66,2.642
Q1,1989-09-05,2.96,2.648
Q1,1989-09-12,2.94,2.636
Q1,1989-09-20,NA,2.6189999999999998
Q1,1989-09-22,2.48,2.6189999999999998
Q1,1989-09-26,2.63,2.781
Q1,1989-09-26,2.57,2.781
Q1,1989-10-03,2.83,2.912
Q1,1989-10-05,NA,2.912
Q1,1989-10-10,2.87,2.9445454545454544
Q1,1989-10-17,2.92,2.961818181818182
Q1,1989-10-24,2.95,3.0154545454545456
Q1,1989-10-31,3.97,3.116
Q1,1989-11-07,3.13,3.152
Q1,1989-11-08,3.1,3.152
Q1,1989-11-14,3.13,3.194
Q1,1989-11-21,3.07,3.226
Q1,1989-11-28,3.19,3.237
Q1,1989-12-05,3.19,3.159
Q1,1989-12-12,3.29,3.1822222222222223
Q1,1989-12-19,3.24,3.2088888888888887
Q1,1989-12-26,3.06,3.2266666666666666
Q1,1990-01-02,3.19,3.2355555555555555
Q1,1990-01-09,3.28,3.238888888888889
Q1,1990-01-16,3.37,3.261111111111111
Q1,1990-01-23,3.23,3.278888888888889
Q1,1990-01-30,3.27,3.3233333333333333
Q1,1990-02-06,3.22,3.3555555555555556
Q1,1990-02-13,3.49,3.1933333333333334
Q1,1990-02-20,3.4,3.18
Q1,1990-02-27,3.46,3.1666666666666665
Q1,1990-03-06,3.48,3.1655555555555557
Q1,1990-03-13,1.82,3.1844444444444444
Q1,1990-03-20,3.25,3.1622222222222223
Q1,1990-03-27,3.11,2.5276923076923077
Q1,1990-04-03,3.26,2.5215384615384617
Q1,1990-04-10,3.39,2.4335714285714287
Q1,1990-04-17,3.29,2.5285714285714285
Q1,1990-04-24,3.35,2.5364285714285715
Q1,1990-04-25,0.49,2.5364285714285715
Q1,1990-04-25,0.65,2.5364285714285715
Q1,1990-04-25,0.59,2.5364285714285715
Q1,1990-04-26,2.72,2.5364285714285715
Q1,1990-05-01,3.38,2.5492857142857144
Q1,1990-05-08,3.24,2.5364285714285715
Q1,1990-05-10,1.53,2.5364285714285715
Q1,1990-05-15,3.15,2.5235714285714286
Q1,1990-05-22,3.36,2.5342857142857143
Q1,1990-05-29,3.29,3.077
Q1,1990-06-05,3.08,3.11
Q1,1990-06-12,3.21,3.3133333333333335
Q1,1990-06-19,3.44,3.3566666666666665
Q1,1990-06-26,3.09,3.1966666666666668
Q1,1990-07-03,3.71,3.2333333333333334
Q1,1990-07-10,3.49,3.296666666666667
Q1,1990-07-17,3.54,3.2688888888888887
Q1,1990-07-24,1.92,3.2688888888888887
Q1,1990-07-31,3.62,3.3155555555555556
Q1,1990-08-07,3.65,3.2533333333333334
Q1,1990-08-14,2.96,3.2511111111111113
Q1,1990-08-21,3.44,3.2311111111111113
Q1,1990-08-28,3.51,3.3877777777777776
Q1,1990-09-04,3.15,3.2688888888888887
Q1,1990-09-11,3.47,3.2055555555555557
Q1,1990-09-18,3.36,3.2644444444444445
Q1,1990-09-25,3.33,3.2333333333333334
Q1,1990-10-02,2.55,3.0211111111111113
Q1,1990-10-09,3.08,2.997777777777778
Q1,1990-10-16,3.49,2.9755555555555557
Q1,1990-10-23,3.16,2.971111111111111
Q1,1990-10-30,1.6,2.9344444444444444
Q1,1990-11-06,2.94,2.832
Q1,1990-11-13,3.27,2.74
Q1,1990-11-20,3.32,2.7172727272727273
Q1,1990-11-27,3,2.7254545454545456
Q1,1990-12-04,1.57,2.7954545454545454
Q1,1990-12-04,2.89,2.7954545454545454
Q1,1990-12-11,3.25,2.7827272727272727
Q1,1990-12-14,1.65,2.7827272727272727
Q1,1990-12-18,3.24,2.8172727272727274
Q1,1990-12-25,3.25,2.820909090909091
Q1,1990-12-31,2.37,2.848181818181818
Q1,1991-01-08,2.8,2.988
Q1,1991-01-15,3.65,3.172222222222222
Q1,1991-01-22,3.36,3.08
Q1,1991-01-29,3.3,3.092222222222222
Q1,1991-02-05,3.01,3.19
Q1,1991-02-12,3.57,3.223333333333333
Q1,1991-02-19,2.41,3.178888888888889
Q1,1991-02-26,3.36,3.15
Q1,1991-03-05,3.25,3.1466666666666665
Q1,1991-03-12,3.1,3.16
Q1,1991-03-19,3.25,3.097777777777778
Q1,1991-03-22,NA,3.097777777777778
Q1,1991-03-26,3.1,3.178888888888889
Q1,1991-04-02,3.27,3.0188888888888887
Q1,1991-04-09,3.13,2.991111111111111
Q1,1991-04-15,3.01,2.9811111111111113
Q1,1991-04-23,3.14,2.9633333333333334
Q1,1991-04-30,1.92,2.9739999999999998
Q1,1991-05-07,3,2.953
Q1,1991-05-14,3.01,2.9539999999999997
Q1,1991-05-21,3.09,2.9539999999999997
Q1,1991-05-28,3.11,2.948
Q1,1991-05-31,3.06,2.948
Q1,1991-06-01,NA,3.065
Q1,1991-06-04,3.06,3.065
Q1,1991-06-11,3.14,3.0469999999999997
Q1,1991-06-18,3.01,3.0629999999999997
Q1,1991-06-25,3.08,3.096
Q1,1991-07-02,3.09,3.123333333333333
Q1,1991-07-09,2.82,3.2466666666666666
Q1,1991-07-16,3.17,3.3777777777777778
Q1,1991-07-23,3.42,3.521111111111111
Q1,1991-07-30,3.32,3.356
Q1,1991-08-06,4.17,3.383
Q1,1991-08-13,4.32,3.801
Q1,1991-08-20,4.3,3.801
Q1,1991-08-27,3.25,3.799
Q1,1991-08-27,1.7,3.799
Q1,1991-09-03,3.36,3.791
Q1,1991-09-10,7,3.719
Q1,1991-09-17,3.17,3.614
Q1,1991-09-24,3.4,3.555
Q1,1991-10-01,3.24,3.79
Q1,1991-10-08,3.45,3.2727272727272725
Q1,1991-10-15,3.27,2.9509090909090907
Q1,1991-10-22,3.71,2.8266666666666667
Q1,1991-10-29,3.51,2.796666666666667
Q1,1991-11-05,2.57,2.7375
Q1,1991-11-07,1.19,2.7375
Q1,1991-11-08,1.49,2.7375
Q1,1991-11-12,3.46,2.7025
Q1,1991-11-18,3.3,2.685833333333333
Q1,1991-11-22,1.33,2.716153846153846
Q1,1991-11-26,3.04,2.6333333333333333
Q1,1991-12-03,2.53,2.6216666666666666
Q1,1991-12-10,3.03,2.903
Q1,1991-12-17,3.07,2.872
Q1,1991-12-23,3.08,2.874
Q1,1991-12-30,3.37,3.0588888888888888
Q1,1992-01-07,2.82,2.959
Q1,1992-01-14,3.15,2.989
Q1,1992-01-21,3.32,3.004
Q1,1992-01-28,3.16,3.043
Q1,1992-02-04,2.29,3.09
Q1,1992-02-06,2.3,3.09
Q1,1992-02-11,3.33,3.123
Q1,1992-02-18,3.22,3.138
Q1,1992-02-25,3.47,3.128
Q1,1992-03-03,3.84,3.107
Q1,1992-03-10,3.15,3.5566666666666666
Q1,1992-03-17,3.3,3.5444444444444447
Q1,1992-03-24,3.22,3.578888888888889
Q1,1992-04-01,2.95,3.4566666666666666
Q1,1992-04-07,5.53,3.3777777777777778
Q1,1992-04-14,3.22,3.4022222222222225
Q1,1992-04-21,3.53,3.4
Q1,1992-04-28,2.37,3.3244444444444445
Q1,1992-05-05,3.13,3.1622222222222223
Q1,1992-05-12,3.37,2.891111111111111
Q1,1992-05-19,3.28,2.7088888888888887
Q1,1992-05-26,2.54,2.59
Q1,1992-06-02,1.49,2.69
Q1,1992-06-09,3.09,2.7111111111111112
Q1,1992-06-16,1.58,2.7455555555555553
Q1,1992-06-23,2.46,2.758888888888889
Q1,1992-06-30,3.27,2.8633333333333333
Q1,1992-07-07,3.32,3.0766666666666667
Q1,1992-07-14,3.68,2.9444444444444446
Q1,1992-07-21,3.4,3.14
Q1,1992-07-28,3.48,3.2455555555555557
Q1,1992-08-04,3.41,3.301111111111111
Q1,1992-08-11,1.9,3.1977777777777776
Q1,1992-08-18,3.34,3.301111111111111
Q1,1992-08-25,3.41,3.248888888888889
Q1,1992-09-01,3.77,3.236666666666667
Q1,1992-09-08,2.39,3.2511111111111113
Q1,1992-09-15,4.61,3.5144444444444445
Q1,1992-09-22,2.93,3.526666666666667
Q1,1992-09-29,3.37,3.517777777777778
Q1,1992-10-06,3.54,3.4411111111111112
Q1,1992-10-13,4.27,3.4222222222222225
Q1,1992-10-20,3.45,3.0277777777777777
Q1,1992-10-27,3.33,3.0522222222222224
Q1,1992-11-03,3.08,3.002222222222222
Q1,1992-11-10,2.22,2.96
Q1,1992-11-17,1.06,2.631111111111111
Q1,1992-11-24,3.15,2.5533333333333332
Q1,1992-12-01,2.92,2.4955555555555557
Q1,1992-12-08,3.16,2.6255555555555556
Q1,1992-12-15,1.31,2.71
Q1,1992-12-22,NA,2.9144444444444444
Q1,1992-12-22,NA,2.9144444444444444
Q1,1992-12-22,2.75,2.9144444444444444
Q1,1992-12-29,2.81,2.867777777777778
Q1,1993-01-05,4.25,2.897777777777778
Q1,1993-01-12,2.98,2.8966666666666665
Q1,1993-01-19,2.9,3.101111111111111
Q1,1993-01-26,2.73,3.141111111111111
Q1,1993-02-02,3.19,3.181111111111111
Q1,1993-02-09,3.15,3.132222222222222
Q1,1993-02-16,3.15,3.15
Q1,1993-02-23,3.11,3.1777777777777776
Q1,1993-03-02,3.17,3.3988888888888886
Q1,1993-03-09,3.81,3.4466666666666668
Q1,1993-03-16,3.14,3.561111111111111
Q1,1993-03-23,3.15,3.69
Q1,1993-03-30,4.72,3.732222222222222
Q1,1993-04-06,3.62,3.671111111111111
Q1,1993-04-13,4.18,3.5455555555555556
Q1,1993-04-20,4.31,3.5255555555555556
Q1,1993-04-27,3.49,3.618888888888889
Q1,1993-05-04,2.62,3.511111111111111
Q1,1993-05-11,2.68,3.4755555555555557
Q1,1993-05-18,2.96,3.361111111111111
Q1,1993-05-25,3.99,3.17
Q1,1993-06-01,3.75,3.137777777777778
Q1,1993-06-08,3.3,3.2222222222222223
Q1,1993-06-15,3.15,3.27
Q1,1993-06-22,2.59,3.3066666666666666
Q1,1993-06-29,3.2,3.041111111111111
Q1,1993-07-06,3.38,2.9722222222222223
Q1,1993-07-13,3.11,2.9566666666666666
Q1,1993-07-20,3.29,2.9644444444444447
Q1,1993-07-27,1.6,3.0300000000000002
Q1,1993-08-03,3.13,2.997777777777778
Q1,1993-08-10,3.16,3.013333333333333
Q1,1993-08-17,3.22,3.1855555555555557
Q1,1993-08-24,3.18,3.181111111111111
Q1,1993-08-31,2.91,3.287777777777778
Q1,1993-09-07,3.52,3.2977777777777777
Q1,1993-09-14,4.66,3.281111111111111
Q1,1993-09-21,3.25,3.3022222222222224
Q1,1993-09-28,2.56,3.321111111111111
Q1,1993-10-05,3.22,3.371111111111111
Q1,1993-10-13,3.01,3.3266666666666667
Q1,1993-10-19,3.41,3.117777777777778
Q1,1993-10-26,3.35,3.252222222222222
Q1,1993-11-02,3.36,3.2444444444444445
Q1,1993-11-09,3.12,3.243333333333333
Q1,1993-11-16,2.78,3.2733333333333334
Q1,1993-11-23,4.46,3.327777777777778
Q1,1993-11-30,2.49,3.2644444444444445
Q1,1993-12-07,3.21,3.3666666666666667
Q1,1993-12-14,3.28,3.1688888888888886
Q1,1993-12-21,3.9,3.035555555555556
Q1,1993-12-28,2.78,2.902222222222222
Q1,1994-01-04,4.28,2.9155555555555557
Q1,1994-01-11,1.34,2.908888888888889
Q1,1994-01-18,1.58,2.8844444444444446
Q1,1994-01-25,3.26,2.7533333333333334
Q1,1994-02-01,2.61,2.8177777777777777
Q1,1994-02-08,3.15,2.7177777777777776
Q1,1994-02-15,3.06,2.951111111111111
Q1,1994-02-22,2.72,3.161111111111111
Q1,1994-03-01,3.36,3.187777777777778
Q1,1994-03-08,3.38,3.29
Q1,1994-03-15,3.44,3.3066666666666666
Q1,1994-03-22,3.47,3.3433333333333333
Q1,1994-03-29,3.5,3.4366666666666665
Q1,1994-04-05,3.53,3.45
Q1,1994-04-12,3.3,3.41
Q1,1994-04-19,3.39,3.347777777777778
Q1,1994-04-26,3.56,3.3444444444444446
Q1,1994-05-03,3.48,3.453333333333333
Q1,1994-05-10,3.02,3.4988888888888887
Q1,1994-05-17,2.88,3.6355555555555554
Q1,1994-05-24,3.44,3.7
Q1,1994-05-31,4.48,3.556
Q1,1994-06-07,3.94,3.564
Q1,1994-06-14,4.53,3.722
Q1,1994-06-21,3.97,3.85
Q1,1994-06-28,3.49,3.847
Q1,1994-06-30,2.33,3.847
Q1,1994-07-05,3.56,3.746
Q1,1994-07-12,4.6,3.676
Q1,1994-07-19,4.16,3.576
Q1,1994-07-26,3.41,3.505
Q1,1994-08-02,3.47,3.816666666666667
Q1,1994-08-09,3.24,3.8355555555555556
Q1,1994-08-16,3.53,3.7
Q1,1994-08-23,3.26,3.398888888888889
Q1,1994-08-30,5.12,3.3966666666666665
Q1,1994-09-06,3.73,3.3944444444444444
Q1,1994-09-13,3.38,3.4044444444444446
Q1,1994-09-20,1.45,3.3944444444444444
Q1,1994-09-27,3.39,3.3455555555555554
Q1,1994-10-04,3.45,3.167777777777778
Q1,1994-10-11,3.33,2.9877777777777776
Q1,1994-10-18,3.44,2.99
Q1,1994-10-25,2.82,3.183333333333333
Q1,1994-11-01,3.52,3.1422222222222222
Q1,1994-11-08,2.11,2.9844444444444442
Q1,1994-11-15,3.4,2.9677777777777776
Q1,1994-11-22,3.19,2.993333333333333
Q1,1994-11-29,3.02,3.0444444444444443
Q1,1994-12-06,2.03,2.985
Q1,1994-12-13,3.18,3.11
Q1,1994-12-20,3.67,3.0616666666666665
Q1,1994-12-27,3.28,3.036
Q2,1988-01-05,2.57,2.0046666666666666
Q2,1988-01-12,2.54,2.0046666666666666
Q2,1988-01-19,2.61,2.0325
Q2,1988-01-26,2.74,2.073529411764706
Q2,1988-01-29,1.86,2.073529411764706
Q2,1988-01-29,1.59,2.073529411764706
Q2,1988-01-29,1.58,2.073529411764706
Q2,1988-01-29,1.5,2.073529411764706
Q2,1988-01-29,1.74,2.073529411764706
Q2,1988-01-29,1.94,2.073529411764706
Q2,1988-01-29,1.53,2.073529411764706
Q2,1988-01-29,1.98,2.073529411764706
Q2,1988-02-02,1.64,2.11
Q2,1988-02-02,1.77,2.11
Q2,1988-02-03,2.48,2.11
Q2,1988-02-04,NA,2.11
Q2,1988-02-09,NA,2.1094444444444447
Q2,1988-02-10,NA,2.1094444444444447
Q2,1988-02-16,2.45,2.113888888888889
Q2,1988-02-23,2.73,2.043888888888889
Q2,1988-03-01,2.73,2.202
Q2,1988-03-08,2.56,2.34625
Q2,1988-03-15,2.62,2.3866666666666667
Q2,1988-03-23,1.35,2.3544444444444443
Q2,1988-03-29,1.69,2.3344444444444443
Q2,1988-04-05,2.64,2.316666666666667
Q2,1988-04-12,2.71,2.185
Q2,1988-04-19,2.16,2.036
Q2,1988-04-26,2.55,2.138
Q2,1988-05-03,2.57,2.188
Q2,1988-05-10,NA,2.187
Q2,1988-05-10,NA,2.187
Q2,1988-05-10,NA,2.187
Q2,1988-05-10,0.9,2.187
Q2,1988-05-10,2.66,2.187
Q2,1988-05-17,1.13,2.175
Q2,1988-05-24,2.37,2.147
Q2,1988-05-31,2.19,2.133
Q2,1988-06-07,2.63,2.1189999999999998
Q2,1988-06-14,2.59,2.2466666666666666
Q2,1988-06-21,1.88,2.316
Q2,1988-06-28,2.41,2.207272727272727
Q2,1988-07-05,2.43,2.2399999999999998
Q2,1988-07-12,2.59,2.2381818181818183
Q2,1988-07-19,1.84,2.2645454545454546
Q2,1988-07-22,2.23,2.2645454545454546
Q2,1988-07-26,1.88,2.013333333333333
Q2,1988-07-26,1.61,2.013333333333333
Q2,1988-08-02,2.55,2.014666666666667
Q2,1988-08-09,2.61,2.0286666666666666
Q2,1988-08-16,2.88,2.0086666666666666
Q2,1988-08-23,2.53,2.0428571428571427
Q2,1988-08-24,1.8,2.0428571428571427
Q2,1988-08-24,1.14,2.0428571428571427
Q2,1988-08-24,1.15,2.0428571428571427
Q2,1988-08-24,0.55,2.0428571428571427
Q2,1988-08-24,NA,2.0428571428571427
Q2,1988-08-30,2.43,2.1338461538461537
Q2,1988-09-06,2.64,2.1015384615384614
Q2,1988-09-13,2.29,2.0591666666666666
Q2,1988-09-20,2.54,1.9845454545454546
Q2,1988-09-27,2.63,2.4257142857142857
Q2,1988-10-04,2.13,2.4114285714285715
Q2,1988-10-11,NA,2.37
Q2,1988-10-18,NA,2.3771428571428572
Q2,1988-10-25,2.32,2.335714285714286
Q2,1988-11-01,2.33,2.33
Q2,1988-11-07,2.35,2.4
Q2,1988-11-15,2.34,2.38125
Q2,1988-11-22,2.25,2.3755555555555556
Q2,1988-11-29,2.59,2.3866666666666667
Q2,1988-12-06,2.62,2.4055555555555554
Q2,1988-12-13,2.25,2.3633333333333333
Q2,1988-12-20,2.33,2.3855555555555554
Q2,1988-12-27,2.42,2.431111111111111
Q2,1989-01-03,2.5,2.442222222222222
Q2,1989-01-10,1.97,2.4344444444444444
Q2,1989-01-17,2.54,2.4833333333333334
Q2,1989-01-24,2.66,2.486666666666667
Q2,1989-01-31,2.69,2.4677777777777776
Q2,1989-02-07,2.55,2.477777777777778
Q2,1989-02-14,2.69,2.52
Q2,1989-02-21,2.36,2.8566666666666665
Q2,1989-02-28,2.25,2.851111111111111
Q2,1989-03-07,2.59,2.828888888888889
Q2,1989-03-09,NA,2.828888888888889
Q2,1989-03-14,NA,2.7933333333333334
Q2,1989-03-14,2.35,2.7933333333333334
Q2,1989-03-21,5.57,2.7688888888888887
Q2,1989-03-28,2.61,2.785555555555556
Q2,1989-04-04,2.49,2.8266666666666667
Q2,1989-04-11,2.23,2.801111111111111
Q2,1989-04-18,2.47,2.8766666666666665
Q2,1989-04-25,2.51,2.562222222222222
Q2,1989-05-02,2.62,2.5833333333333335
Q2,1989-05-09,2.36,2.6133333333333333
Q2,1989-05-16,3.03,2.6566666666666667
Q2,1989-05-23,2.74,2.6755555555555555
Q2,1989-05-30,2.8,2.714444444444444
Q2,1989-06-06,2.76,2.562222222222222
Q2,1989-06-13,2.62,2.577777777777778
Q2,1989-06-20,2.64,2.5166666666666666
Q2,1989-06-27,2.86,2.491111111111111
Q2,1989-07-05,1.25,2.4566666666666666
Q2,1989-07-11,2.5,2.468888888888889
Q2,1989-07-18,2.48,2.4844444444444442
Q2,1989-07-26,2.51,2.3566666666666665
Q2,1989-08-01,2.49,2.3266666666666667
Q2,1989-08-08,2.87,2.4988888888888887
Q2,1989-08-15,2.76,2.537777777777778
Q2,1989-08-22,1.49,2.541111111111111
Q2,1989-08-29,2.59,2.581
Q2,1989-09-05,2.8,2.62
Q2,1989-09-12,2.85,2.6229999999999998
Q2,1989-09-20,NA,2.641
Q2,1989-09-22,2.51,2.641
Q2,1989-09-26,2.72,2.789
Q2,1989-09-26,2.73,2.789
Q2,1989-10-03,2.88,2.875
Q2,1989-10-05,NA,2.875
Q2,1989-10-10,2.9,2.901818181818182
Q2,1989-10-17,2.94,2.9172727272727275
Q2,1989-10-24,2.97,2.97
Q2,1989-10-31,3.45,3.044
Q2,1989-11-07,3.05,3.073
Q2,1989-11-08,2.92,3.073
Q2,1989-11-14,3.02,3.097
Q2,1989-11-21,3.09,3.116
Q2,1989-11-28,3.22,3.138
Q2,1989-12-05,3.17,3.121
Q2,1989-12-12,3.14,3.121111111111111
Q2,1989-12-19,3.13,3.1333333333333333
Q2,1989-12-26,3.19,3.1233333333333335
Q2,1990-01-02,3.28,3.098888888888889
Q2,1990-01-09,2.85,3.0866666666666664
Q2,1990-01-16,3.13,3.1044444444444443
Q2,1990-01-23,3,3.111111111111111
Q2,1990-01-30,3,3.12
Q2,1990-02-06,3.06,3.128888888888889
Q2,1990-02-13,3.3,3.0266666666666664
Q2,1990-02-20,3.19,3.0366666666666666
Q2,1990-02-27,3.27,3.0522222222222224
Q2,1990-03-06,3.36,3.088888888888889
Q2,1990-03-13,1.93,3.1277777777777778
Q2,1990-03-20,3.22,3.13
Q2,1990-03-27,3.14,2.47
Q2,1990-04-03,3.33,2.46
Q2,1990-04-10,3.41,2.402142857142857
Q2,1990-04-17,3.32,2.485
Q2,1990-04-24,3.34,2.492142857142857
Q2,1990-04-25,0.42,2.492142857142857
Q2,1990-04-25,0.51,2.492142857142857
Q2,1990-04-25,0.63,2.492142857142857
Q2,1990-04-26,2.23,2.492142857142857
Q2,1990-05-01,3.14,2.4907142857142857
Q2,1990-05-08,3.2,2.4857142857142858
Q2,1990-05-10,1.81,2.4857142857142858
Q2,1990-05-15,3.09,2.4857142857142858
Q2,1990-05-22,3.32,2.480714285714286
Q2,1990-05-29,3.12,3.05
Q2,1990-06-05,3.26,3.079
Q2,1990-06-12,3.41,3.2488888888888887
Q2,1990-06-19,3.25,3.3055555555555554
Q2,1990-06-26,2.9,3.152222222222222
Q2,1990-07-03,3.43,3.2088888888888887
Q2,1990-07-10,3.46,3.2555555555555555
Q2,1990-07-17,3.6,3.1822222222222223
Q2,1990-07-24,1.94,3.1911111111111112
Q2,1990-07-31,3.63,3.2511111111111113
Q2,1990-08-07,3.68,3.2844444444444445
Q2,1990-08-14,2.75,3.263333333333333
Q2,1990-08-21,3.33,3.2244444444444444
Q2,1990-08-28,3.44,3.3633333333333333
Q2,1990-09-04,3.73,3.2244444444444444
Q2,1990-09-11,3.27,3.1277777777777778
Q2,1990-09-18,3.25,3.1855555555555557
Q2,1990-09-25,3.19,3.1644444444444444
Q2,1990-10-02,2.38,2.953333333333333
Q2,1990-10-09,2.81,2.76
Q2,1990-10-16,3.27,2.7711111111111113
Q2,1990-10-23,3.14,2.785555555555556
Q2,1990-10-30,1.54,2.7822222222222224
Q2,1990-11-06,1.99,2.712
Q2,1990-11-13,3.37,2.7209090909090907
Q2,1990-11-20,3.38,2.728181818181818
Q2,1990-11-27,3.16,2.749090909090909
Q2,1990-12-04,1.62,2.820909090909091
Q2,1990-12-04,2.84,2.820909090909091
Q2,1990-12-11,3.3,2.9263636363636363
Q2,1990-12-14,2.32,2.9263636363636363
Q2,1990-12-18,3.35,2.919090909090909
Q2,1990-12-25,3.37,2.921818181818182
Q2,1990-12-31,2.33,2.93
Q2,1991-01-08,3.15,3.08
Q2,1991-01-15,3.29,3.1744444444444446
Q2,1991-01-22,3.41,3.068888888888889
Q2,1991-01-29,3.25,2.9477777777777776
Q2,1991-02-05,3.03,3.037777777777778
Q2,1991-02-12,3.39,3.0255555555555556
Q2,1991-02-19,2.4,3.0055555555555555
Q2,1991-02-26,2.28,2.9722222222222223
Q2,1991-03-05,3.14,2.964444444444444
Q2,1991-03-12,3.04,2.953333333333333
Q2,1991-03-19,3.11,2.8877777777777776
Q2,1991-03-22,NA,2.8877777777777776
Q2,1991-03-26,3.11,2.9466666666666668
Q2,1991-04-02,3.18,2.908888888888889
Q2,1991-04-09,2.93,2.9033333333333333
Q2,1991-04-15,2.8,2.92
Q2,1991-04-23,2.93,2.918888888888889
Q2,1991-04-30,1.94,2.825
Q2,1991-05-07,3.09,2.826
Q2,1991-05-14,3.19,2.834
Q2,1991-05-21,3.1,2.854
Q2,1991-05-28,2.01,2.887
Q2,1991-05-31,3.08,2.887
Q2,1991-06-01,NA,3.015
Q2,1991-06-04,3.19,3.015
Q2,1991-06-11,3.01,3.006
Q2,1991-06-18,3,3.005
Q2,1991-06-25,3.26,2.914
Q2,1991-07-02,3.22,2.9988888888888887
Q2,1991-07-09,3,3.0744444444444445
Q2,1991-07-16,3.18,3.201111111111111
Q2,1991-07-23,2.19,3.305555555555556
Q2,1991-07-30,2.94,3.008
Q2,1991-08-06,3.87,3.074
Q2,1991-08-13,4.15,3.173
Q2,1991-08-20,3.94,3.157
Q2,1991-08-27,3.19,3.2720000000000002
Q2,1991-08-27,0.4,3.2720000000000002
Q2,1991-09-03,3.88,3.224
Q2,1991-09-10,3.99,3.132
Q2,1991-09-17,3.02,2.9859999999999998
Q2,1991-09-24,3.34,2.888
Q2,1991-10-01,2.46,3.128888888888889
Q2,1991-10-08,2.95,2.7572727272727273
Q2,1991-10-15,2.69,2.669090909090909
Q2,1991-10-22,2.96,2.6133333333333333
Q2,1991-10-29,2.87,2.5933333333333333
Q2,1991-11-05,2.93,2.615
Q2,1991-11-07,1.47,2.615
Q2,1991-11-08,1.65,2.615
Q2,1991-11-12,3.02,2.6275
Q2,1991-11-18,3.56,2.6675
Q2,1991-11-22,1.46,2.7115384615384617
Q2,1991-11-26,3.1,2.6908333333333334
Q2,1991-12-03,2.72,2.7533333333333334
Q2,1991-12-10,3.1,2.931
Q2,1991-12-17,3.17,2.9210000000000003
Q2,1991-12-23,3.24,2.892
Q2,1991-12-30,3.62,3.068888888888889
Q2,1992-01-07,2.32,2.948
Q2,1992-01-14,2.92,2.941
Q2,1992-01-21,3.27,2.956
Q2,1992-01-28,3.26,2.96
Q2,1992-02-04,2.23,2.9219999999999997
Q2,1992-02-06,2.35,2.9219999999999997
Q2,1992-02-11,3.03,2.976
Q2,1992-02-18,3.32,2.984
Q2,1992-02-25,3.28,2.969
Q2,1992-03-03,3.24,2.92
Q2,1992-03-10,2.86,3.1066666666666665
Q2,1992-03-17,3,3.1422222222222222
Q2,1992-03-24,3.12,3.121111111111111
Q2,1992-04-01,2.77,3.1
Q2,1992-04-07,3.34,2.9755555555555557
Q2,1992-04-14,3.35,2.98
Q2,1992-04-21,3.13,2.931111111111111
Q2,1992-04-28,3.09,2.8533333333333335
Q2,1992-05-05,2.12,2.7088888888888887
Q2,1992-05-12,2.9,2.7022222222222223
Q2,1992-05-19,2.56,2.5644444444444443
Q2,1992-05-26,2.42,2.482222222222222
Q2,1992-06-02,1.47,2.561111111111111
Q2,1992-06-09,3.28,2.7055555555555557
Q2,1992-06-16,2.11,2.796666666666667
Q2,1992-06-23,2.39,2.893333333333333
Q2,1992-06-30,3.8,2.9877777777777776
Q2,1992-07-07,3.42,3.1966666666666668
Q2,1992-07-14,3.72,3.0533333333333332
Q2,1992-07-21,3.43,3.203333333333333
Q2,1992-07-28,3.27,3.26
Q2,1992-08-04,3.35,3.3
Q2,1992-08-11,1.99,3.1977777777777776
Q2,1992-08-18,3.46,3.1344444444444446
Q2,1992-08-25,2.9,3.082222222222222
Q2,1992-09-01,4.16,3.04
Q2,1992-09-08,2.5,3.0166666666666666
Q2,1992-09-15,3.15,3.1633333333333336
Q2,1992-09-22,2.96,3.1255555555555556
Q2,1992-09-29,2.89,3.1655555555555557
Q2,1992-10-06,3.14,3.013333333333333
Q2,1992-10-13,3.31,2.9844444444444447
Q2,1992-10-20,3.12,2.7455555555555557
Q2,1992-10-27,3.26,2.7355555555555555
Q2,1992-11-03,2.79,2.738888888888889
Q2,1992-11-10,2.24,2.73
Q2,1992-11-17,1,2.703333333333333
Q2,1992-11-24,2.87,2.6455555555555557
Q2,1992-12-01,2.92,2.6044444444444443
Q2,1992-12-08,3.06,2.707777777777778
Q2,1992-12-15,3.07,2.783333333333333
Q2,1992-12-22,NA,3.02
Q2,1992-12-22,2.6,3.02
Q2,1992-12-29,2.89,3.033333333333333
Q2,1993-01-05,3.72,3.0322222222222224
Q2,1993-01-12,2.92,3.033333333333333
Q2,1993-01-19,3.13,3.1
Q2,1993-01-26,2.99,3.1544444444444446
Q2,1993-02-02,2.91,3.181111111111111
Q2,1993-02-09,3.07,3.1133333333333333
Q2,1993-02-16,3.67,3.102222222222222
Q2,1993-02-23,3.09,3.1033333333333335
Q2,1993-03-02,3.13,3.282222222222222
Q2,1993-03-09,3.11,3.3477777777777775
Q2,1993-03-16,2.82,3.402222222222222
Q2,1993-03-23,3.14,3.33
Q2,1993-03-30,4.6,3.35
Q2,1993-04-06,3.5,3.243333333333333
Q2,1993-04-13,3.56,3.1566666666666667
Q2,1993-04-20,3.02,3.121111111111111
Q2,1993-04-27,3.27,3.0444444444444443
Q2,1993-05-04,2.17,2.8466666666666667
Q2,1993-05-11,2.33,2.8722222222222222
Q2,1993-05-18,2.5,2.787777777777778
Q2,1993-05-25,2.45,2.8644444444444446
Q2,1993-06-01,2.82,2.86
Q2,1993-06-08,3.73,2.9611111111111112
Q2,1993-06-15,2.8,3.011111111111111
Q2,1993-06-15,NA,3.011111111111111
Q2,1993-06-22,3.71,3.2944444444444443
Q2,1993-06-29,3.23,3.1911111111111112
Q2,1993-07-06,3.08,3.2311111111111113
Q2,1993-07-13,2.78,3.163333333333333
Q2,1993-07-20,5.05,3.212222222222222
Q2,1993-07-27,1.52,3.243333333333333
Q2,1993-08-03,3.18,3.1833333333333336
Q2,1993-08-10,3.12,3.1777777777777776
Q2,1993-08-17,3.24,3.0522222222222224
Q2,1993-08-24,3.99,2.8222222222222224
Q2,1993-08-31,2.69,2.93
Q2,1993-09-07,3.03,2.9066666666666667
Q2,1993-09-14,1.65,2.8777777777777778
Q2,1993-09-21,2.98,2.8533333333333335
Q2,1993-09-28,2.49,2.7944444444444443
Q2,1993-10-05,2.97,2.858888888888889
Q2,1993-10-13,2.86,2.8533333333333335
Q2,1993-10-19,3.02,2.9766666666666666
Q2,1993-10-26,3.46,3.102222222222222
Q2,1993-11-02,3.27,3.1
Q2,1993-11-09,2.98,2.9544444444444444
Q2,1993-11-16,2.76,2.966666666666667
Q2,1993-11-23,4.11,2.942222222222222
Q2,1993-11-30,2.47,2.982222222222222
Q2,1993-12-07,1.66,2.792222222222222
Q2,1993-12-14,2.97,2.6155555555555554
Q2,1993-12-21,2.8,2.6355555555555554
Q2,1993-12-28,3.82,2.526666666666667
Q2,1994-01-04,1.56,2.5566666666666666
Q2,1994-01-11,1.39,2.69
Q2,1994-01-18,2.94,2.694444444444444
Q2,1994-01-25,3.13,2.63
Q2,1994-02-01,2.74,2.4699999999999998
Q2,1994-02-08,2.86,2.638888888888889
Q2,1994-02-15,3.01,2.828888888888889
Q2,1994-02-22,2.22,2.8566666666666665
Q2,1994-03-01,2.38,2.8722222222222222
Q2,1994-03-08,3.08,2.9322222222222223
Q2,1994-03-15,3.1,2.953333333333333
Q2,1994-03-22,3.19,2.9522222222222223
Q2,1994-03-29,3.27,3.0633333333333335
Q2,1994-04-05,3.28,3.15
Q2,1994-04-12,3.05,3.1044444444444443
Q2,1994-04-19,3,3.0566666666666666
Q2,1994-04-26,3.22,3.0433333333333334
Q2,1994-05-03,3.16,3.172222222222222
Q2,1994-05-10,2.67,3.1888888888888887
Q2,1994-05-17,2.67,3.20625
Q2,1994-05-24,3.07,3.24125
Q2,1994-05-31,4.43,3.1177777777777775
Q2,1994-06-07,3.43,3.09
Q2,1994-06-14,NA,3.1425
Q2,1994-06-21,3.28,3.11875
Q2,1994-06-28,3.02,3.125714285714286
Q2,1994-06-30,2.33,3.125714285714286
Q2,1994-07-05,2.91,2.7257142857142855
Q2,1994-07-12,NA,2.597142857142857
Q2,1994-07-19,2.48,2.597142857142857
Q2,1994-07-26,NA,2.4833333333333334
Q2,1994-08-02,1.63,2.3875
Q2,1994-08-09,2.53,2.2133333333333334
Q2,1994-08-16,NA,2.2133333333333334
Q2,1994-08-23,NA,1.9333333333333331
Q2,1994-08-30,NA,1.9333333333333331
Q2,1994-09-06,NA,2.085
Q2,1994-09-13,NA,1.64
Q2,1994-09-20,1.64,1.64
Q2,1994-09-27,NA,1.975
Q2,1994-10-04,NA,1.975
Q2,1994-10-11,NA,1.9233333333333333
Q2,1994-10-18,NA,1.9849999999999999
Q2,1994-10-25,2.31,2.125
Q2,1994-11-01,NA,2.166
Q2,1994-11-08,1.82,2.211666666666667
Q2,1994-11-15,2.17,2.27
Q2,1994-11-22,2.2,2.43875
Q2,1994-11-29,2.33,2.48875
Q2,1994-12-06,2.44,2.48875
Q2,1994-12-13,2.62,2.5842857142857145
Q2,1994-12-20,3.62,2.6533333333333333
Q2,1994-12-27,2.71,2.744
Q3,1988-01-05,2.69,2.359090909090909
Q3,1988-01-12,2.55,2.4716666666666667
Q3,1988-01-19,2.69,2.4853846153846155
Q3,1988-01-26,3.04,2.5228571428571427
Q3,1988-01-29,2.18,2.5228571428571427
Q3,1988-01-29,2.18,2.5228571428571427
Q3,1988-01-29,2.13,2.5228571428571427
Q3,1988-01-29,2.09,2.5228571428571427
Q3,1988-01-29,NA,2.5228571428571427
Q3,1988-01-29,NA,2.5228571428571427
Q3,1988-01-29,2.24,2.5228571428571427
Q3,1988-02-02,1.96,2.556
Q3,1988-02-02,2.2,2.556
Q3,1988-02-03,NA,2.556
Q3,1988-02-04,NA,2.556
Q3,1988-02-09,3.71,2.5766666666666667
Q3,1988-02-10,NA,2.5766666666666667
Q3,1988-02-16,2.65,2.5166666666666666
Q3,1988-02-23,3.01,2.5366666666666666
Q3,1988-03-01,3.02,2.597
Q3,1988-03-08,3,2.7488888888888887
Q3,1988-03-15,1.65,2.651111111111111
Q3,1988-03-23,2.99,2.628888888888889
Q3,1988-03-29,1.78,2.6233333333333335
Q3,1988-04-05,2.93,2.6144444444444446
Q3,1988-04-12,2.83,2.529
Q3,1988-04-19,2.45,2.487
Q3,1988-04-26,2.96,2.321
Q3,1988-05-03,2.94,2.384
Q3,1988-05-10,3.07,2.3890000000000002
Q3,1988-05-10,1.69,2.3890000000000002
Q3,1988-05-10,NA,2.3890000000000002
Q3,1988-05-10,NA,2.3890000000000002
Q3,1988-05-10,NA,2.3890000000000002
Q3,1988-05-17,1.23,2.4050000000000002
Q3,1988-05-24,1.33,2.376
Q3,1988-05-31,2.41,2.354
Q3,1988-06-07,2.98,2.339
Q3,1988-06-14,2.99,2.3777777777777778
Q3,1988-06-21,2.16,2.466
Q3,1988-06-28,2.74,2.534
Q3,1988-07-05,2.79,2.586
Q3,1988-07-12,2.77,2.584
Q3,1988-07-19,2.13,2.574
Q3,1988-07-22,2.36,2.574
Q3,1988-07-26,2.01,2.2721428571428572
Q3,1988-07-26,NA,2.2721428571428572
Q3,1988-08-02,2.93,2.2542857142857144
Q3,1988-08-09,2.96,2.2592857142857143
Q3,1988-08-16,2.89,2.2064285714285714
Q3,1988-08-23,2.63,2.2223076923076923
Q3,1988-08-24,NA,2.2223076923076923
Q3,1988-08-24,1.51,2.2223076923076923
Q3,1988-08-24,1.42,2.2223076923076923
Q3,1988-08-24,0.67,2.2223076923076923
Q3,1988-08-24,2,2.2223076923076923
Q3,1988-08-30,2.49,2.2846153846153845
Q3,1988-09-06,2.86,2.2115384615384617
Q3,1988-09-13,2.03,2.1923076923076925
Q3,1988-09-20,2.49,2.1341666666666668
Q3,1988-09-27,2.82,2.4775
Q3,1988-10-04,1.98,2.5012499999999998
Q3,1988-10-11,2.71,2.48875
Q3,1988-10-18,NA,2.565
Q3,1988-10-25,2.44,2.5375
Q3,1988-11-01,2.68,2.5324999999999998
Q3,1988-11-07,2.76,2.6325
Q3,1988-11-15,2.64,2.6574999999999998
Q3,1988-11-22,2.27,2.672222222222222
Q3,1988-11-29,2.78,2.6966666666666668
Q3,1988-12-06,2.78,2.7177777777777776
Q3,1988-12-13,2.91,2.66
Q3,1988-12-20,2.79,2.668888888888889
Q3,1988-12-27,2.66,2.7344444444444447
Q3,1989-01-03,2.87,2.7466666666666666
Q3,1989-01-10,2.24,2.7511111111111113
Q3,1989-01-17,2.72,2.761111111111111
Q3,1989-01-24,2.86,2.756666666666667
Q3,1989-01-31,2.89,2.7544444444444447
Q3,1989-02-07,2.82,2.7622222222222224
Q3,1989-02-14,3,2.8033333333333332
Q3,1989-02-21,2.75,2.8166666666666664
Q3,1989-02-28,2.64,2.8144444444444443
Q3,1989-03-07,2.94,2.792222222222222
Q3,1989-03-09,NA,2.792222222222222
Q3,1989-03-14,2.61,2.7455555555555553
Q3,1989-03-21,2.84,2.716666666666667
Q3,1989-03-28,2.84,2.7255555555555557
Q3,1989-04-04,2.69,2.76
Q3,1989-04-11,2.4,2.7022222222222223
Q3,1989-04-18,2.74,2.7355555555555555
Q3,1989-04-25,2.83,2.7577777777777777
Q3,1989-05-02,2.95,2.7711111111111113
Q3,1989-05-09,2.42,2.8133333333333335
Q3,1989-05-16,2.91,2.8744444444444444
Q3,1989-05-23,3.04,2.9
Q3,1989-05-30,2.96,2.951111111111111
Q3,1989-06-06,3.07,2.8
Q3,1989-06-13,2.95,2.8455555555555554
Q3,1989-06-20,2.97,2.8066666666666666
Q3,1989-06-27,3.29,2.772222222222222
Q3,1989-07-05,1.59,2.747777777777778
Q3,1989-07-11,2.83,2.768888888888889
Q3,1989-07-18,2.56,2.781111111111111
Q3,1989-07-26,2.73,2.626666666666667
Q3,1989-08-01,2.74,2.272222222222222
Q3,1989-08-08,3.26,2.4166666666666665
Q3,1989-08-15,3.06,2.4266666666666667
Q3,1989-08-22,1.58,2.4344444444444444
Q3,1989-08-29,0.1,2.458
Q3,1989-09-05,2.89,2.488
Q3,1989-09-12,2.92,2.465
Q3,1989-09-20,NA,2.497
Q3,1989-09-22,2.63,2.497
Q3,1989-09-26,2.86,2.676
Q3,1989-09-26,2.54,2.676
Q3,1989-10-03,3.04,3.083
Q3,1989-10-05,NA,3.083
Q3,1989-10-10,3.03,3.210909090909091
Q3,1989-10-17,3.38,3.2609090909090908
Q3,1989-10-24,3.37,3.325454545454545
Q3,1989-10-31,4.17,3.465
Q3,1989-11-07,3.71,3.502
Q3,1989-11-08,3.67,3.502
Q3,1989-11-14,3.47,3.556
Q3,1989-11-21,3.34,3.573
Q3,1989-11-28,3.47,3.586
Q3,1989-12-05,3.41,3.549
Q3,1989-12-12,3.57,3.5244444444444443
Q3,1989-12-19,3.55,3.5433333333333334
Q3,1989-12-26,3.5,3.5666666666666664
Q3,1990-01-02,3.8,3.5777777777777775
Q3,1990-01-09,3.61,3.578888888888889
Q3,1990-01-16,3.64,3.5955555555555554
Q3,1990-01-23,3.55,3.598888888888889
Q3,1990-01-30,3.57,3.61
Q3,1990-02-06,3.42,3.598888888888889
Q3,1990-02-13,3.72,3.46
Q3,1990-02-20,3.58,3.4277777777777776
Q3,1990-02-27,3.6,3.3755555555555556
Q3,1990-03-06,3.7,3.3733333333333335
Q3,1990-03-13,2.36,3.3966666666666665
Q3,1990-03-20,3.35,3.3855555555555554
Q3,1990-03-27,3.08,2.663846153846154
Q3,1990-04-03,3.55,2.644615384615385
Q3,1990-04-10,3.63,2.584285714285714
Q3,1990-04-17,3.62,2.65
Q3,1990-04-24,3.62,2.662857142857143
Q3,1990-04-25,0.45,2.662857142857143
Q3,1990-04-25,0.7,2.662857142857143
Q3,1990-04-25,0.57,2.662857142857143
Q3,1990-04-26,2.4,2.662857142857143
Q3,1990-05-01,3.35,2.6742857142857144
Q3,1990-05-08,3.48,2.682142857142857
Q3,1990-05-10,2.02,2.682142857142857
Q3,1990-05-15,3.28,2.6835714285714287
Q3,1990-05-22,3.53,2.670714285714286
Q3,1990-05-29,3.24,3.241
Q3,1990-06-05,3.66,3.278
Q3,1990-06-12,3.65,3.4411111111111112
Q3,1990-06-19,3.44,3.486666666666667
Q3,1990-06-26,2.76,3.3133333333333335
Q3,1990-07-03,3.72,3.3677777777777775
Q3,1990-07-10,3.69,3.411111111111111
Q3,1990-07-17,3.69,3.3255555555555554
Q3,1990-07-24,1.97,3.3377777777777777
Q3,1990-07-31,3.73,3.421111111111111
Q3,1990-08-07,4.05,3.4144444444444444
Q3,1990-08-14,2.88,3.397777777777778
Q3,1990-08-21,3.55,3.3788888888888886
Q3,1990-08-28,3.51,3.5477777777777777
Q3,1990-09-04,3.66,3.4522222222222223
Q3,1990-09-11,3.54,3.3744444444444444
Q3,1990-09-18,3.52,3.6333333333333333
Q3,1990-09-25,3.49,3.562222222222222
Q3,1990-10-02,2.87,3.361111111111111
Q3,1990-10-09,3.35,3.2544444444444447
Q3,1990-10-16,5.21,3.2377777777777776
Q3,1990-10-23,2.91,3.24
Q3,1990-10-30,1.7,3.2066666666666666
Q3,1990-11-06,2.7,2.934
Q3,1990-11-13,3.39,2.8372727272727274
Q3,1990-11-20,3.54,2.6772727272727272
Q3,1990-11-27,3.19,2.730909090909091
Q3,1990-12-04,1.76,2.787272727272727
Q3,1990-12-04,1.59,2.787272727272727
Q3,1990-12-11,3.5,2.8363636363636364
Q3,1990-12-14,1.72,2.8363636363636364
Q3,1990-12-18,3.45,2.820909090909091
Q3,1990-12-25,3.5,2.8181818181818183
Q3,1990-12-31,2.32,2.8354545454545454
Q3,1991-01-08,3.24,3.08
Q3,1991-01-15,3.22,3.8088888888888888
Q3,1991-01-22,3.51,3.7111111111111112
Q3,1991-01-29,3.38,3.6977777777777776
Q3,1991-02-05,2.96,3.811111111111111
Q3,1991-02-12,8.7,3.8155555555555556
Q3,1991-02-19,2.57,3.812222222222222
Q3,1991-02-26,3.38,3.8066666666666666
Q3,1991-03-05,3.34,3.82
Q3,1991-03-12,3.28,3.8455555555555554
Q3,1991-03-19,3.19,3.2244444444444444
Q3,1991-03-22,NA,3.2244444444444444
Q3,1991-03-26,3.46,3.2844444444444445
Q3,1991-04-02,3.5,3.1277777777777778
Q3,1991-04-09,3.19,3.17
Q3,1991-04-15,3.11,3.187777777777778
Q3,1991-04-23,3.11,3.2344444444444442
Q3,1991-04-30,1.97,3.214
Q3,1991-05-07,3.72,3.21
Q3,1991-05-14,3.44,3.23
Q3,1991-05-21,3.61,3.27
Q3,1991-05-28,3.08,3.305
Q3,1991-05-31,3.41,3.305
Q3,1991-06-01,NA,3.441
Q3,1991-06-04,3.46,3.441
Q3,1991-06-11,3.39,3.385
Q3,1991-06-18,3.51,3.391
Q3,1991-06-25,3.46,3.344
Q3,1991-07-02,3.33,3.3577777777777778
Q3,1991-07-09,3.16,3.418888888888889
Q3,1991-07-16,3.5,3.535555555555556
Q3,1991-07-23,3.14,3.6233333333333335
Q3,1991-07-30,3.27,3.365
Q3,1991-08-06,4.01,3.37
Q3,1991-08-13,4.44,3.309
Q3,1991-08-20,4.3,3.269
Q3,1991-08-27,3.38,3.397
Q3,1991-08-27,1.12,3.397
Q3,1991-09-03,3.38,3.365
Q3,1991-09-10,2.55,3.313
Q3,1991-09-17,3.1,3.249
Q3,1991-09-24,4.42,3.141
Q3,1991-10-01,2.95,3.5322222222222224
Q3,1991-10-08,3.49,3.0527272727272727
Q3,1991-10-15,3.8,3.1145454545454547
Q3,1991-10-22,3.22,3.0091666666666668
Q3,1991-10-29,4.88,2.895
Q3,1991-11-05,1.81,2.885
Q3,1991-11-07,1.55,2.885
Q3,1991-11-08,1.81,2.885
Q3,1991-11-12,3.23,2.8441666666666667
Q3,1991-11-18,3.31,2.788333333333333
Q3,1991-11-22,1.64,2.813846153846154
Q3,1991-11-26,3.05,2.78
Q3,1991-12-03,2.83,2.6525
Q3,1991-12-10,3,2.957
Q3,1991-12-17,3.13,2.944
Q3,1991-12-23,3.12,2.95
Q3,1991-12-30,3.35,3.137777777777778
Q3,1992-01-07,2.91,2.988
Q3,1992-01-14,3.1,3.0060000000000002
Q3,1992-01-21,3.37,3.129
Q3,1992-01-28,3.43,3.188
Q3,1992-02-04,2.3,3.238
Q3,1992-02-06,2.17,3.238
Q3,1992-02-11,3.18,3.2800000000000002
Q3,1992-02-18,4.36,3.357
Q3,1992-02-25,3.71,3.3930000000000002
Q3,1992-03-03,3.85,3.366
Q3,1992-03-10,3.33,3.591111111111111
Q3,1992-03-17,3.87,3.4755555555555557
Q3,1992-03-24,3.73,3.3511111111111114
Q3,1992-04-01,3.16,3.312222222222222
Q3,1992-04-07,3.13,3.228888888888889
Q3,1992-04-14,2.14,3.258888888888889
Q3,1992-04-21,3.24,3.2555555555555555
Q3,1992-04-28,3.36,3.088888888888889
Q3,1992-05-05,3.1,2.88
Q3,1992-05-12,3.6,2.8933333333333335
Q3,1992-05-19,3.84,2.85
Q3,1992-05-26,2.23,2.73
Q3,1992-06-02,1.28,2.7455555555555557
Q3,1992-06-09,3.25,2.787777777777778
Q3,1992-06-16,1.75,2.75
Q3,1992-06-23,2.16,2.712222222222222
Q3,1992-06-30,3.5,2.8355555555555556
Q3,1992-07-07,3.48,3.0733333333333333
Q3,1992-07-14,3.26,2.9233333333333333
Q3,1992-07-21,3.5,3.1222222222222222
Q3,1992-07-28,3.34,3.263333333333333
Q3,1992-08-04,3.42,2.942222222222222
Q3,1992-08-11,1.9,2.9811111111111113
Q3,1992-08-18,3.54,3.0211111111111113
Q3,1992-08-25,3.43,2.9566666666666666
Q3,1992-09-01,0.61,2.918888888888889
Q3,1992-09-08,3.83,2.9155555555555557
Q3,1992-09-15,3.62,3.2022222222222223
Q3,1992-09-22,2.92,3.212222222222222
Q3,1992-09-29,3,3.2177777777777776
Q3,1992-10-06,3.39,3.511111111111111
Q3,1992-10-13,4.48,3.332222222222222
Q3,1992-10-20,3.63,3.2533333333333334
Q3,1992-10-27,3.48,3.268888888888889
Q3,1992-11-03,3.25,3.2311111111111113
Q3,1992-11-10,2.22,3.688888888888889
Q3,1992-11-17,2.91,3.5233333333333334
Q3,1992-11-24,3.06,3.3244444444444445
Q3,1992-12-01,2.66,3.2466666666666666
Q3,1992-12-08,7.51,3.2144444444444447
Q3,1992-12-15,2.99,3.3033333333333332
Q3,1992-12-22,NA,3.316666666666667
Q3,1992-12-22,1.84,3.316666666666667
Q3,1992-12-29,2.78,3.3022222222222224
Q3,1993-01-05,2.96,3.358888888888889
Q3,1993-01-12,3.02,2.898888888888889
Q3,1993-01-19,3.03,2.8022222222222224
Q3,1993-01-26,2.93,2.97
Q3,1993-02-02,3.17,3.0211111111111113
Q3,1993-02-09,3.37,3.08
Q3,1993-02-16,2.12,3.131111111111111
Q3,1993-02-23,3.35,3.1333333333333333
Q3,1993-03-02,3.24,3.187777777777778
Q3,1993-03-09,3.49,3.256666666666667
Q3,1993-03-16,3.48,3.292222222222222
Q3,1993-03-23,3.05,3.421111111111111
Q3,1993-03-30,3.42,3.6277777777777778
Q3,1993-04-06,3.79,3.571111111111111
Q3,1993-04-13,3.69,3.488888888888889
Q3,1993-04-20,3.28,3.4144444444444444
Q3,1993-04-27,5.21,3.3666666666666667
Q3,1993-05-04,2.73,3.3233333333333333
Q3,1993-05-11,2.75,3.265
Q3,1993-05-18,2.81,3.22375
Q3,1993-05-25,2.62,3.0925
Q3,1993-06-01,3.03,3.0212499999999998
Q3,1993-06-08,NA,3.0637499999999998
Q3,1993-06-15,3.36,3.09125
Q3,1993-06-15,NA,3.09125
Q3,1993-06-22,2.23,2.9475
Q3,1993-06-29,4.64,2.80625
Q3,1993-07-06,3.07,2.8337499999999998
Q3,1993-07-13,2.97,2.891111111111111
Q3,1993-07-20,1.66,3.022222222222222
Q3,1993-07-27,1.49,3.1577777777777776
Q3,1993-08-03,3.25,2.931111111111111
Q3,1993-08-10,3.35,2.95
Q3,1993-08-17,4.54,3.0733333333333333
Q3,1993-08-24,3.45,3.2311111111111113
Q3,1993-08-31,2.6,3.44875
Q3,1993-09-07,3.24,3.43375
Q3,1993-09-14,4.08,3.39625
Q3,1993-09-21,3.08,3.0425
Q3,1993-09-28,NA,2.98
Q3,1993-10-05,3.13,3.1
Q3,1993-10-13,3.05,3.0775
Q3,1993-10-19,1.71,2.86625
Q3,1993-10-26,2.95,2.9525
Q3,1993-11-02,3.56,2.8833333333333333
Q3,1993-11-09,3.06,2.898888888888889
Q3,1993-11-16,2.39,3.013333333333333
Q3,1993-11-23,3.77,3.1944444444444446
Q3,1993-11-30,2.33,3.157777777777778
Q3,1993-12-07,3.27,2.937777777777778
Q3,1993-12-14,4.08,2.7577777777777777
Q3,1993-12-21,3.34,2.672222222222222
Q3,1993-12-28,2.62,2.631111111111111
Q3,1994-01-04,1.58,2.7177777777777776
Q3,1994-01-11,1.44,2.7
Q3,1994-01-18,1.62,2.6155555555555554
Q3,1994-01-25,3.4,2.48
Q3,1994-02-01,3.11,2.5555555555555554
Q3,1994-02-08,3.11,2.7544444444444443
Q3,1994-02-15,3.32,2.973333333333333
Q3,1994-02-22,2.12,3.201111111111111
Q3,1994-03-01,3.3,3.2377777777777776
Q3,1994-03-08,3.37,3.2933333333333334
Q3,1994-03-15,3.41,3.2955555555555556
Q3,1994-03-22,3.67,3.312222222222222
Q3,1994-03-29,3.73,3.4788888888888887
Q3,1994-04-05,3.61,3.531111111111111
Q3,1994-04-12,3.13,3.4477777777777776
Q3,1994-04-19,3.47,3.3666666666666667
Q3,1994-04-26,3.62,3.3533333333333335
Q3,1994-05-03,3.77,3.4588888888888887
Q3,1994-05-10,2.62,3.4744444444444444
Q3,1994-05-17,2.68,3.5444444444444443
Q3,1994-05-24,3.55,3.5833333333333335
Q3,1994-05-31,4.68,3.44
Q3,1994-06-07,3.75,3.457
Q3,1994-06-14,3.76,3.565
Q3,1994-06-21,3.82,3.657
Q3,1994-06-28,3.51,3.6559999999999997
Q3,1994-06-30,2.26,3.6559999999999997
Q3,1994-07-05,3.94,3.528
Q3,1994-07-12,3.7,3.491
Q3,1994-07-19,3.6,3.475
Q3,1994-07-26,3.54,3.54
Q3,1994-08-02,3.4,3.683333333333333
Q3,1994-08-09,3.38,3.761111111111111
Q3,1994-08-16,3.6,3.7577777777777777
Q3,1994-08-23,4.47,3.522222222222222
Q3,1994-08-30,3.52,3.521111111111111
Q3,1994-09-06,4.64,3.5577777777777775
Q3,1994-09-13,3.67,3.5255555555555556
Q3,1994-09-20,1.48,3.5033333333333334
Q3,1994-09-27,3.53,3.3277777777777775
Q3,1994-10-04,3.73,3.3266666666666667
Q3,1994-10-11,3.09,3.0555555555555554
Q3,1994-10-18,3.4,2.986666666666667
Q3,1994-10-25,2.89,3.1544444444444446
Q3,1994-11-01,3.51,3.081111111111111
Q3,1994-11-08,2.2,2.9966666666666666
Q3,1994-11-15,3.05,2.9988888888888887
Q3,1994-11-22,2.99,3.0411111111111113
Q3,1994-11-29,2.87,3.082222222222222
Q3,1994-12-06,2.97,3.02875
Q3,1994-12-13,3.11,3.1471428571428572
Q3,1994-12-20,3.78,3.163333333333333
Q3,1994-12-27,3.26,3.198
MPR,1989-05-16,1.92,1.936
MPR,1989-05-23,2.41,1.9433333333333334
MPR,1989-05-30,1.6,2.138571428571429
MPR,1989-06-06,1.69,1.9737500000000001
MPR,1989-06-13,2.06,1.96
MPR,1989-06-20,1.98,1.965
MPR,1989-06-27,3.31,1.85125
MPR,1989-07-05,0.82,1.85875
MPR,1989-07-11,1.85,1.8787500000000001
MPR,1989-07-26,1.5,1.75375
MPR,1989-08-01,1.66,1.5314285714285714
MPR,1989-08-08,1.85,1.65
MPR,1989-08-15,1.87,1.5783333333333334
MPR,1989-08-22,1.17,1.5783333333333334
MPR,1989-08-29,NA,1.594
MPR,1989-09-12,1.42,1.898
MPR,1989-10-03,2.84,2.17
MPR,1989-10-10,2.19,2.094
MPR,1989-10-24,2.23,2.194
MPR,1989-11-07,1.79,2.1933333333333334
MPR,1989-11-14,1.92,2.4316666666666666
MPR,1989-11-21,NA,2.4316666666666666
MPR,1989-11-28,2.45,2.5083333333333333
MPR,1989-12-05,2.58,2.407142857142857
MPR,1989-12-12,3.62,2.5114285714285716
MPR,1989-12-19,NA,2.572857142857143
MPR,1989-12-26,2.69,2.5187500000000003
MPR,1990-01-02,1.8,2.47625
MPR,1990-01-09,2.52,2.445
MPR,1990-01-16,2.35,2.28625
MPR,1990-01-23,2.14,2.276666666666667
MPR,1990-01-30,2.11,2.22
MPR,1990-02-06,2.33,2.2911111111111113
MPR,1990-02-13,2.35,2.1222222222222222
MPR,1990-02-20,2.2,2.106666666666667
MPR,1990-02-27,2.18,2.048888888888889
MPR,1990-03-06,2.44,2.0533333333333332
MPR,1990-03-13,1,2.0633333333333335
MPR,1990-03-20,2.21,2.042222222222222
MPR,1990-03-27,1.62,2.0655555555555556
MPR,1990-04-03,2.15,2.0611111111111113
MPR,1990-04-10,2.42,2.0611111111111113
MPR,1990-04-17,2.16,2.138888888888889
MPR,1990-04-24,2.41,2.152222222222222
MPR,1990-05-01,2.14,2.207777777777778
MPR,1990-05-08,2.44,2.1944444444444446
MPR,1990-05-15,1.7,2.16
MPR,1990-05-22,2.33,2.1555555555555554
MPR,1990-05-29,2.12,2.0633333333333335
MPR,1990-06-05,2.03,2.0944444444444446
MPR,1990-06-12,2.11,2.0844444444444443
MPR,1990-06-19,2.12,2.1355555555555554
MPR,1990-06-26,1.58,2.002222222222222
MPR,1990-07-03,2.42,2.0355555555555553
MPR,1990-07-10,2.35,2.1166666666666667
MPR,1990-07-17,2.16,2.01
MPR,1990-07-24,1.13,2.0355555555555553
MPR,1990-07-31,2.42,2.101111111111111
MPR,1990-08-07,2.76,2.0677777777777777
MPR,1990-08-14,1.15,2.0544444444444445
MPR,1990-08-21,2.35,2.0122222222222224
MPR,1990-08-28,2.17,2.1422222222222222
MPR,1990-09-04,2.12,2.1055555555555556
MPR,1990-09-11,2.23,2.0155555555555553
MPR,1990-09-18,1.78,2.128888888888889
MPR,1990-09-25,2.3,2.0844444444444443
MPR,1990-10-02,2.09,1.9944444444444445
MPR,1990-10-09,1.95,1.96
MPR,1990-10-16,2.17,1.9744444444444444
MPR,1990-10-23,1.95,2.0355555555555553
MPR,1990-10-30,1.36,1.9877777777777779
MPR,1990-11-06,1.81,1.7955555555555556
MPR,1990-11-13,2.36,1.83
MPR,1990-11-20,2.33,1.8266666666666667
MPR,1990-11-27,1.87,1.9833333333333334
MPR,1990-12-04,0.36,1.9633333333333334
MPR,1990-12-11,2.26,1.98
MPR,1990-12-18,2.14,1.95
MPR,1990-12-25,3.36,2.062222222222222
MPR,1990-12-31,1.18,2.1144444444444446
MPR,1991-01-08,1.96,2.25
MPR,1991-01-15,2.09,2.2555555555555555
MPR,1991-01-22,3.34,2.1688888888888886
MPR,1991-01-29,2.34,2.0233333333333334
MPR,1991-02-05,1.58,2.1244444444444444
MPR,1991-02-12,2.31,2.148888888888889
MPR,1991-02-19,1.36,2.0966666666666667
MPR,1991-02-26,2.05,1.9633333333333334
MPR,1991-03-05,2.09,1.9511111111111112
MPR,1991-03-12,2.18,1.9975
MPR,1991-03-19,1.62,1.85
MPR,1991-03-26,2.14,1.84625
MPR,1991-04-02,2.23,1.73125
MPR,1991-04-15,1.13,1.4075
MPR,1991-04-23,1.33,1.3771428571428572
MPR,1991-04-30,1.13,1.1228571428571428
MPR,1991-05-07,0.84,0.9285714285714285
MPR,1991-05-14,0.84,0.86875
MPR,1991-05-21,NA,0.8314285714285714
MPR,1991-05-28,0.36,0.7657142857142857
MPR,1991-06-04,0.87,0.7185714285714285
MPR,1991-06-11,0.45,0.7285714285714285
MPR,1991-06-18,NA,0.9271428571428572
MPR,1991-06-25,0.87,1.0899999999999999
MPR,1991-07-02,0.8,1.35
MPR,1991-07-09,0.91,1.61625
MPR,1991-07-16,2.23,1.96875
MPR,1991-07-23,2.23,2.0722222222222224
MPR,1991-07-30,2.44,2.3055555555555554
MPR,1991-08-06,3,2.46
MPR,1991-08-13,3.27,2.6633333333333336
MPR,1991-08-20,2.9,2.681111111111111
MPR,1991-08-27,2.97,2.756666666666667
MPR,1991-09-03,2.19,2.6966666666666668
MPR,1991-09-10,2.74,2.61
MPR,1991-09-17,2.39,2.4766666666666666
MPR,1991-09-24,2.91,2.41
MPR,1991-10-01,1.9,2.34
MPR,1991-10-08,2.22,2.1350000000000002
MPR,1991-10-15,2.07,2.07
MPR,1991-10-22,2.3,2.09875
MPR,1991-10-29,NA,2.01375
MPR,1991-11-05,0.55,1.9975
MPR,1991-11-12,2.22,1.975
MPR,1991-11-18,2.62,1.77375
MPR,1991-11-26,2.23,1.7637500000000002
MPR,1991-12-03,1.77,1.8233333333333335
MPR,1991-12-10,2.04,1.9333333333333333
MPR,1991-12-17,0.46,1.8922222222222222
MPR,1991-12-23,2.22,1.8522222222222222
MPR,1991-12-30,2.3,1.8444444444444446
MPR,1992-01-07,1.54,1.8744444444444444
MPR,1992-01-14,1.85,1.9277777777777778
MPR,1992-01-21,2.26,2.183333333333333
MPR,1992-01-28,2.16,2.161111111111111
MPR,1992-02-04,2.04,2.1233333333333335
MPR,1992-02-11,2.52,2.2111111111111112
MPR,1992-02-18,2.76,2.2533333333333334
MPR,1992-02-25,2.02,2.178888888888889
MPR,1992-03-03,1.96,2.1333333333333333
MPR,1992-03-10,2.33,2.292222222222222
MPR,1992-03-17,2.23,2.8133333333333335
MPR,1992-03-24,1.59,2.7511111111111113
MPR,1992-04-01,1.75,2.808888888888889
MPR,1992-04-07,3.47,2.783333333333333
MPR,1992-04-14,7.21,2.743333333333333
MPR,1992-04-21,2.2,2.741111111111111
MPR,1992-04-28,2.54,2.7222222222222223
MPR,1992-05-05,1.73,2.628888888888889
MPR,1992-05-12,1.97,2.482222222222222
MPR,1992-05-19,2.21,1.8177777777777777
MPR,1992-05-26,1.42,1.7522222222222221
MPR,1992-06-02,0.91,1.7622222222222221
MPR,1992-06-09,2.15,1.8611111111111112
MPR,1992-06-16,1.23,1.9277777777777778
MPR,1992-06-23,1.61,1.8977777777777778
MPR,1992-06-30,2.63,1.961111111111111
MPR,1992-07-07,2.62,2.101111111111111
MPR,1992-07-14,2.57,1.9733333333333334
MPR,1992-07-21,1.94,2.088888888888889
MPR,1992-07-28,1.99,2.1577777777777776
MPR,1992-08-04,2.17,2.214444444444444
MPR,1992-08-11,1,2.2222222222222223
MPR,1992-08-18,2.27,2.1944444444444446
MPR,1992-08-25,2.23,2.17
MPR,1992-09-01,3.14,2.1733333333333333
MPR,1992-09-08,2.69,2.2022222222222223
MPR,1992-09-15,2.32,2.378888888888889
MPR,1992-09-22,1.72,2.39
MPR,1992-09-29,2.02,2.4855555555555555
MPR,1992-10-06,2.43,2.2866666666666666
MPR,1992-10-13,2.59,2.098888888888889
MPR,1992-10-20,2.37,2.0366666666666666
MPR,1992-10-27,3.09,2.0255555555555556
MPR,1992-11-03,1.35,2.013333333333333
MPR,1992-11-10,1,1.9644444444444444
MPR,1992-11-17,1.76,1.8377777777777777
MPR,1992-11-24,1.62,1.77125
MPR,1992-12-01,1.91,1.5975
MPR,1992-12-08,1.99,1.66625
MPR,1992-12-15,1.45,1.79875
MPR,1992-12-22,NA,1.83625
MPR,1992-12-29,1.7,1.88625
MPR,1993-01-05,1.9,1.89375
MPR,1993-01-12,2.06,1.9225
MPR,1993-01-19,2.06,1.8975
MPR,1993-01-26,2.02,1.9188888888888889
MPR,1993-02-02,1.97,1.981111111111111
MPR,1993-02-09,2.22,2.0277777777777777
MPR,1993-02-16,1.25,2.0566666666666666
MPR,1993-02-23,2.09,2.101111111111111
MPR,1993-03-02,2.26,2.1422222222222222
MPR,1993-03-09,2.32,2.1966666666666668
MPR,1993-03-16,2.32,2.223333333333333
MPR,1993-03-23,2.46,2.341111111111111
MPR,1993-03-30,2.39,2.371111111111111
MPR,1993-04-06,2.46,2.3055555555555554
MPR,1993-04-13,2.46,2.216666666666667
MPR,1993-04-20,2.31,2.1855555555555557
MPR,1993-04-27,2.36,2.098888888888889
MPR,1993-05-04,1.67,2.026666666666667
MPR,1993-05-11,1.52,2.013333333333333
MPR,1993-05-18,2.04,1.9366666666666665
MPR,1993-05-25,1.68,1.89
MPR,1993-06-01,1.74,1.9933333333333334
MPR,1993-06-08,2.34,2.051111111111111
MPR,1993-06-15,NA,2.091111111111111
MPR,1993-06-15,1.77,2.091111111111111
MPR,1993-06-22,1.89,2.102222222222222
MPR,1993-06-29,3.29,2.0188888888888887
MPR,1993-07-06,2.19,2.0855555555555556
MPR,1993-07-13,1.88,2.05375
MPR,1993-07-20,2.14,2.135
MPR,1993-07-27,0.93,2.23625
MPR,1993-08-03,2.34,2.01
MPR,1993-08-10,NA,1.97375
MPR,1993-08-17,2.42,2.0575
MPR,1993-08-24,2.7,2.03625
MPR,1993-08-31,1.48,2.1
MPR,1993-09-07,1.9,2.06
MPR,1993-09-14,2.55,2.068888888888889
MPR,1993-09-21,1.97,1.9266666666666667
MPR,1993-09-28,1.44,1.8233333333333333
MPR,1993-10-05,2.02,1.9766666666666666
MPR,1993-10-13,2.14,1.9444444444444444
MPR,1993-10-19,1.14,1.8755555555555556
MPR,1993-10-26,1.77,1.968888888888889
MPR,1993-11-02,2.86,1.9622222222222223
MPR,1993-11-09,1.61,1.9844444444444445
MPR,1993-11-16,1.93,2.0077777777777777
MPR,1993-11-23,2.81,2.0244444444444443
MPR,1993-11-30,1.38,1.8855555555555557
MPR,1993-12-07,2.22,1.6811111111111112
MPR,1993-12-14,2.35,1.5222222222222221
MPR,1993-12-21,1.29,1.4211111111111112
MPR,1993-12-28,0.52,1.35
MPR,1994-01-04,1.02,1.4144444444444444
MPR,1994-01-11,0.18,1.3844444444444444
MPR,1994-01-18,1.02,1.3522222222222222
MPR,1994-01-25,2.17,1.3166666666666667
MPR,1994-02-01,1.96,1.49
MPR,1994-02-08,1.95,1.6344444444444444
MPR,1994-02-15,2.06,1.8822222222222222
MPR,1994-02-22,0.97,2.0533333333333332
MPR,1994-03-01,2.08,2.0877777777777777
MPR,1994-03-08,2.32,2.1622222222222223
MPR,1994-03-15,2.41,2.12
MPR,1994-03-22,2.56,2.1
MPR,1994-03-29,2.48,2.258888888888889
MPR,1994-04-05,2.63,2.3155555555555556
MPR,1994-04-12,1.57,2.2044444444444444
MPR,1994-04-19,1.88,2.1155555555555554
MPR,1994-04-26,2.4,2.0877777777777777
MPR,1994-05-03,2.59,2.183333333333333
MPR,1994-05-10,1.32,2.1333333333333333
MPR,1994-05-17,1.61,2.2422222222222223
MPR,1994-05-24,2.31,2.3177777777777777
MPR,1994-05-31,3.34,2.28
MPR,1994-06-07,2.18,2.2744444444444443
MPR,1994-06-14,2.55,2.3433333333333333
MPR,1994-06-21,2.56,2.3544444444444443
MPR,1994-06-28,2.06,2.367777777777778
MPR,1994-07-05,2.54,2.25
MPR,1994-07-12,1.94,2.421111111111111
MPR,1994-07-19,1.71,2.38
MPR,1994-07-26,2.43,2.3644444444444446
MPR,1994-08-02,2.28,2.4966666666666666
MPR,1994-08-09,3.72,2.4566666666666666
MPR,1994-08-16,2.18,2.5
MPR,1994-08-23,2.42,2.428888888888889
MPR,1994-08-30,3.25,2.3844444444444446
MPR,1994-09-06,2.18,2.4122222222222223
MPR,1994-09-13,2.33,2.203333333333333
MPR,1994-09-20,1.07,2.21
MPR,1994-09-27,2.03,2.1222222222222222
MPR,1994-10-04,2.53,2.0155555555555558
MPR,1994-10-11,1.84,1.9244444444444444
MPR,1994-10-18,2.24,1.8944444444444444
MPR,1994-10-25,1.63,1.93
MPR,1994-11-01,2.29,1.958888888888889
MPR,1994-11-08,1.36,2.0055555555555555
MPR,1994-11-15,2.06,2.017777777777778
MPR,1994-11-22,1.39,2.0155555555555558
MPR,1994-11-29,2.29,2.0877777777777777
MPR,1994-12-06,2.95,2.0625
MPR,1994-12-13,1.95,2.162857142857143
MPR,1994-12-20,2.22,2.18
MPR,1994-12-27,2.28,2.338
