sample_id,sample_date,no3_n,mov_avg_no3_n
Q1,1988-01-05,132,160.72727272727272
Q1,1988-01-12,134,159.75
Q1,1988-01-19,125,156.15384615384616
Q1,1988-01-26,123,155.85714285714286
Q1,1988-01-29,77,155.85714285714286
Q1,1988-01-29,81,155.85714285714286
Q1,1988-01-29,281,155.85714285714286
Q1,1988-01-29,267,155.85714285714286
Q1,1988-01-29,242,155.85714285714286
Q1,1988-02-02,138,155.06666666666666
Q1,1988-02-02,168,155.06666666666666
Q1,1988-02-03,NA,155.06666666666666
Q1,1988-02-04,NA,155.06666666666666
Q1,1988-02-09,149,155.86666666666667
Q1,1988-02-10,NA,155.86666666666667
Q1,1988-02-16,113,156.8
Q1,1988-02-23,152,158.06666666666666
Q1,1988-03-01,144,204.8235294117647
Q1,1988-03-08,144,206.9375
Q1,1988-03-15,148,206.4375
Q1,1988-03-23,144,208.75
Q1,1988-03-29,291,208.125
Q1,1988-03-29,283,208.125
Q1,1988-03-29,239,208.125
Q1,1988-03-29,291,208.125
Q1,1988-03-29,300,208.125
Q1,1988-03-29,261,208.125
Q1,1988-03-29,265,208.125
Q1,1988-03-29,252,208.125
Q1,1988-04-05,135,207.8125
Q1,1988-04-12,141,207.41176470588235
Q1,1988-04-19,150,207.41176470588235
Q1,1988-04-26,142,207.70588235294116
Q1,1988-05-03,139,150.5
Q1,1988-05-10,142,151.7
Q1,1988-05-10,NA,151.7
Q1,1988-05-10,NA,151.7
Q1,1988-05-10,NA,151.7
Q1,1988-05-10,203,151.7
Q1,1988-05-17,148,152.88888888888889
Q1,1988-05-24,149,153.25
Q1,1988-05-31,156,154.85714285714286
Q1,1988-06-07,147,157.5
Q1,1988-06-14,NA,150
Q1,1988-06-21,NA,150.66666666666666
Q1,1988-06-28,NA,151.5
Q1,1988-07-05,NA,147
Q1,1988-07-12,NA,NA
Q1,1988-07-19,NA,NA
Q1,1988-07-22,NA,NA
Q1,1988-07-26,NA,34.2
Q1,1988-07-26,NA,34.2
Q1,1988-08-02,NA,53.5
Q1,1988-08-09,NA,63
Q1,1988-08-16,NA,79.125
Q1,1988-08-23,135,87
Q1,1988-08-24,8,87
Q1,1988-08-24,7,87
Q1,1988-08-24,NA,87
Q1,1988-08-24,11,87
Q1,1988-08-24,10,87
Q1,1988-08-30,150,93.2
Q1,1988-09-06,120,88.63636363636364
Q1,1988-09-13,192,93.83333333333334
Q1,1988-09-20,150,98.46153846153847
Q1,1988-09-27,149,139.44444444444446
Q1,1988-10-04,43,138.66666666666666
Q1,1988-10-11,151,140.55555555555554
Q1,1988-10-18,154,133.66666666666666
Q1,1988-10-25,146,132.44444444444446
Q1,1988-11-01,143,131.33333333333334
Q1,1988-11-07,137,142
Q1,1988-11-15,130,141.77777777777777
Q1,1988-11-22,139,142
Q1,1988-11-29,139,143.11111111111111
Q1,1988-12-06,139,143.125
Q1,1988-12-13,149,153.625
Q1,1988-12-20,156,138.625
Q1,1988-12-27,156,140.625
Q1,1989-01-03,NA,144.625
Q1,1989-01-10,221,149.25
Q1,1989-01-17,10,153
Q1,1989-01-24,155,153.375
Q1,1989-01-31,171,153.75
Q1,1989-02-07,176,153.55555555555554
Q1,1989-02-14,179,130.11111111111111
Q1,1989-02-21,159,145.44444444444446
Q1,1989-02-28,159,144.55555555555554
Q1,1989-03-07,152,141.77777777777777
Q1,1989-03-09,NA,141.77777777777777
Q1,1989-03-14,10,138.11111111111111
Q1,1989-03-14,NA,138.11111111111111
Q1,1989-03-21,148,130.88888888888889
Q1,1989-03-28,147,129.55555555555554
Q1,1989-04-04,146,126.88888888888889
Q1,1989-04-11,143,126.44444444444444
Q1,1989-04-18,114,141.88888888888889
Q1,1989-04-25,147,141.22222222222223
Q1,1989-05-02,135,140.88888888888889
Q1,1989-05-09,148,139.55555555555554
Q1,1989-05-16,149,138
Q1,1989-05-23,142,141
Q1,1989-05-30,144,142.55555555555554
Q1,1989-06-06,134,128.66666666666666
Q1,1989-06-13,129,125.88888888888889
Q1,1989-06-20,141,123
Q1,1989-06-27,161,120.125
Q1,1989-07-05,10,118.875
Q1,1989-07-11,123,113.5
Q1,1989-07-18,NA,109.25
Q1,1989-07-26,119,116.625
Q1,1989-08-01,134,101
Q1,1989-08-08,91,102.5
Q1,1989-08-15,95,99.57142857142857
Q1,1989-08-22,200,88.375
Q1,1989-08-29,36,84
Q1,1989-09-05,22,75.66666666666667
Q1,1989-09-12,NA,75.33333333333333
Q1,1989-09-20,NA,71.4
Q1,1989-09-22,10,71.4
Q1,1989-09-26,NA,81.6
Q1,1989-09-26,NA,81.6
Q1,1989-10-03,NA,142
Q1,1989-10-05,NA,142
Q1,1989-10-10,89,412.16666666666663
Q1,1989-10-17,NA,394.85714285714283
Q1,1989-10-24,251,415.7142857142857
Q1,1989-10-31,338,386.875
Q1,1989-11-07,420,360.22222222222223
Q1,1989-11-08,1365,360.22222222222223
Q1,1989-11-14,291,368.55555555555554
Q1,1989-11-21,156,346.5
Q1,1989-11-28,185,324.1
Q1,1989-12-05,147,322.55555555555554
Q1,1989-12-12,164,144.5
Q1,1989-12-19,148,117.25
Q1,1989-12-26,27,99
Q1,1990-01-02,NA,78
Q1,1990-01-09,38,79.125
Q1,1990-01-16,73,85.125
Q1,1990-01-23,10,100
Q1,1990-01-30,17,118
Q1,1990-02-06,156,118.11111111111111
Q1,1990-02-13,212,128.125
Q1,1990-02-20,267,180.25
Q1,1990-02-27,171,211.375
Q1,1990-03-06,119,239.14285714285714
Q1,1990-03-13,NA,218
Q1,1990-03-20,490,193.71428571428572
Q1,1990-03-27,259,478.6363636363637
Q1,1990-04-03,NA,480.6363636363637
Q1,1990-04-10,8,507.83333333333337
Q1,1990-04-17,42,484.46153846153845
Q1,1990-04-24,53,459.30769230769226
Q1,1990-04-25,999,459.30769230769226
Q1,1990-04-25,1468,459.30769230769226
Q1,1990-04-25,1413,459.30769230769226
Q1,1990-04-26,243,459.30769230769226
Q1,1990-05-01,193,450.30769230769226
Q1,1990-05-08,189,418.85714285714283
Q1,1990-05-10,737,418.85714285714283
Q1,1990-05-15,204,429.28571428571433
Q1,1990-05-22,163,438.4285714285714
Q1,1990-05-29,142,216.5
Q1,1990-06-05,10,208.1
Q1,1990-06-12,154,141.55555555555554
Q1,1990-06-19,170,127.44444444444444
Q1,1990-06-26,203,158.77777777777777
Q1,1990-07-03,109,143.77777777777777
Q1,1990-07-10,119,148.11111111111111
Q1,1990-07-17,77,158.77777777777777
Q1,1990-07-24,445,149.88888888888889
Q1,1990-07-31,7,128.44444444444446
Q1,1990-08-07,49,117.44444444444443
Q1,1990-08-14,250,117.25
Q1,1990-08-21,90,123
Q1,1990-08-28,10,69.33333333333334
Q1,1990-09-04,10,80.83333333333334
Q1,1990-09-11,NA,80.66666666666666
Q1,1990-09-18,NA,40.5
Q1,1990-09-25,NA,36.666666666666664
Q1,1990-10-02,76,56.66666666666667
Q1,1990-10-09,48,97.83333333333334
Q1,1990-10-16,9,100
Q1,1990-10-23,67,96.875
Q1,1990-10-30,130,101.88888888888889
Q1,1990-11-06,257,108.5
Q1,1990-11-13,113,122.18181818181819
Q1,1990-11-20,75,129.27272727272728
Q1,1990-11-27,142,134.1818181818182
Q1,1990-12-04,236,143.54545454545453
Q1,1990-12-04,8,143.54545454545453
Q1,1990-12-11,7,132.0909090909091
Q1,1990-12-14,300,132.0909090909091
Q1,1990-12-18,87,134
Q1,1990-12-25,121,144.1
Q1,1990-12-31,233,148.7
Q1,1991-01-08,131,155.375
Q1,1991-01-15,NA,137.71428571428572
Q1,1991-01-22,176,127.14285714285714
Q1,1991-01-29,188,122.57142857142857
Q1,1991-02-05,NA,99.85714285714286
Q1,1991-02-12,28,87.85714285714286
Q1,1991-02-19,13,96.625
Q1,1991-02-26,89,88.75
Q1,1991-03-05,74,75
Q1,1991-03-12,47,70.66666666666667
Q1,1991-03-19,158,70.11111111111111
Q1,1991-03-22,NA,70.11111111111111
Q1,1991-03-26,113,70.77777777777777
Q1,1991-04-02,78,64.33333333333333
Q1,1991-04-09,36,63.888888888888886
Q1,1991-04-15,23,59.777777777777786
Q1,1991-04-23,19,43.33333333333333
Q1,1991-04-30,31,33.22222222222222
Q1,1991-05-07,70,39.666666666666664
Q1,1991-05-14,10,43.77777777777778
Q1,1991-05-21,10,47.33333333333333
Q1,1991-05-28,22,50.875
Q1,1991-05-31,NA,50.875
Q1,1991-06-01,NA,54.875
Q1,1991-06-04,136,54.875
Q1,1991-06-11,73,54.75
Q1,1991-06-18,55,54.75
Q1,1991-06-25,NA,54.75
Q1,1991-07-02,63,53.25
Q1,1991-07-09,69,37.5
Q1,1991-07-16,10,32.42857142857143
Q1,1991-07-23,10,27
Q1,1991-07-30,10,37.111111111111114
Q1,1991-08-06,10,37.77777777777778
Q1,1991-08-13,NA,38.44444444444444
Q1,1991-08-20,17,40.77777777777778
Q1,1991-08-27,15,46.888888888888886
Q1,1991-08-27,130,46.888888888888886
Q1,1991-09-03,69,55
Q1,1991-09-10,75,61.55555555555556
Q1,1991-09-17,31,63.5
Q1,1991-09-24,65,69.2
Q1,1991-10-01,83,66.77777777777777
Q1,1991-10-08,69,66.63636363636364
Q1,1991-10-15,81,73.45454545454545
Q1,1991-10-22,74,80.5
Q1,1991-10-29,54,87.16666666666667
Q1,1991-11-05,100,88.58333333333333
Q1,1991-11-07,44,88.58333333333333
Q1,1991-11-08,57,88.58333333333333
Q1,1991-11-12,150,111
Q1,1991-11-18,85,118.16666666666666
Q1,1991-11-22,104,121.6923076923077
Q1,1991-11-26,145,125.66666666666666
Q1,1991-12-03,100,132.1818181818182
Q1,1991-12-10,338,163.22222222222223
Q1,1991-12-17,167,168.77777777777777
Q1,1991-12-23,164,179
Q1,1991-12-30,NA,191.625
Q1,1992-01-07,216,197.11111111111111
Q1,1992-01-14,200,170.77777777777777
Q1,1992-01-21,177,184.55555555555554
Q1,1992-01-28,171,181.66666666666666
Q1,1992-02-04,324,180.9
Q1,1992-02-06,17,180.9
Q1,1992-02-11,101,160.3
Q1,1992-02-18,291,153.6
Q1,1992-02-25,138,151
Q1,1992-03-03,174,141.66666666666666
Q1,1992-03-10,10,121.25
Q1,1992-03-17,133,110
Q1,1992-03-24,NA,79.75
Q1,1992-04-01,87,66.25
Q1,1992-04-07,36,47.875
Q1,1992-04-14,11,63.75
Q1,1992-04-21,49,63.125
Q1,1992-04-28,30,63.125
Q1,1992-05-05,27,60.5
Q1,1992-05-12,137,57.25
Q1,1992-05-19,128,59.25
Q1,1992-05-26,NA,57.125
Q1,1992-06-02,66,57.25
Q1,1992-06-09,10,67.75
Q1,1992-06-16,27,55.75
Q1,1992-06-23,32,45.42857142857143
Q1,1992-06-30,31,58.25
Q1,1992-07-07,111,94.875
Q1,1992-07-14,41,96.875
Q1,1992-07-21,NA,96.875
Q1,1992-07-28,148,140.625
Q1,1992-08-04,359,138
Q1,1992-08-11,26,125.375
Q1,1992-08-18,27,122.25
Q1,1992-08-25,382,109.77777777777777
Q1,1992-09-01,10,102.66666666666666
Q1,1992-09-08,10,94.77777777777777
Q1,1992-09-15,16,103.375
Q1,1992-09-22,10,107
Q1,1992-09-29,84,67.71428571428571
Q1,1992-10-06,288,67.71428571428571
Q1,1992-10-13,NA,85.57142857142857
Q1,1992-10-20,56,86.14285714285714
Q1,1992-10-27,NA,87
Q1,1992-11-03,10,76.28571428571429
Q1,1992-11-10,135,37.285714285714285
Q1,1992-11-17,20,35.875
Q1,1992-11-24,16,33
Q1,1992-12-01,9,33
Q1,1992-12-08,15,36.83333333333333
Q1,1992-12-15,26,17.2
Q1,1992-12-22,NA,16.5
Q1,1992-12-22,NA,16.5
Q1,1992-12-22,NA,16.5
Q1,1992-12-29,NA,16.666666666666668
Q1,1993-01-05,NA,20.5
Q1,1993-01-12,NA,26
Q1,1993-01-19,NA,NA
Q1,1993-01-26,NA,NA
Q1,1993-02-02,NA,20
Q1,1993-02-09,NA,107
Q1,1993-02-16,NA,92.33333333333333
Q1,1993-02-23,NA,103
Q1,1993-03-02,20,117.8
Q1,1993-03-09,194,125.33333333333333
Q1,1993-03-16,63,132
Q1,1993-03-23,135,132.75
Q1,1993-03-30,177,138.33333333333334
Q1,1993-04-06,163,137.11111111111111
Q1,1993-04-13,172,116.88888888888889
Q1,1993-04-20,138,111
Q1,1993-04-27,183,96.66666666666666
Q1,1993-05-04,9,78.88888888888889
Q1,1993-05-11,12,69.11111111111111
Q1,1993-05-18,10,54.111111111111114
Q1,1993-05-25,6,41.66666666666667
Q1,1993-06-01,17,23.22222222222222
Q1,1993-06-08,75,28.333333333333332
Q1,1993-06-15,37,30.375
Q1,1993-06-22,26,33.285714285714285
Q1,1993-06-29,17,37.833333333333336
Q1,1993-07-06,55,42
Q1,1993-07-13,NA,39.2
Q1,1993-07-20,NA,33
Q1,1993-07-27,NA,30
Q1,1993-08-03,NA,30.8
Q1,1993-08-10,61,44.6
Q1,1993-08-17,6,38.66666666666667
Q1,1993-08-24,11,60.57142857142858
Q1,1993-08-31,21,54.125
Q1,1993-09-07,124,49.111111111111114
Q1,1993-09-14,9,43.111111111111114
Q1,1993-09-21,192,43.22222222222222
Q1,1993-09-28,9,42.888888888888886
Q1,1993-10-05,9,41.222222222222214
Q1,1993-10-13,7,28.333333333333332
Q1,1993-10-19,7,28
Q1,1993-10-26,8,9.11111111111111
Q1,1993-11-02,6,9.88888888888889
Q1,1993-11-09,8,11.666666666666668
Q1,1993-11-16,6,12.444444444444445
Q1,1993-11-23,22,17.22222222222222
Q1,1993-11-30,16,18.375
Q1,1993-12-07,25,20.142857142857142
Q1,1993-12-14,14,22.166666666666668
Q1,1993-12-21,50,25.4
Q1,1993-12-28,NA,26.25
Q1,1994-01-04,NA,24.5
Q1,1994-01-11,NA,22.5
Q1,1994-01-18,NA,25.333333333333332
Q1,1994-01-25,NA,15.666666666666666
Q1,1994-02-01,9,15.666666666666666
Q1,1994-02-08,17,15.666666666666666
Q1,1994-02-15,NA,13.5
Q1,1994-02-22,21,13.5
Q1,1994-03-01,NA,13.5
Q1,1994-03-08,NA,15
Q1,1994-03-15,7,56.66666666666667
Q1,1994-03-22,NA,86.75
Q1,1994-03-29,NA,85.75
Q1,1994-04-05,NA,72.4
Q1,1994-04-12,142,62.66666666666667
Q1,1994-04-19,177,65.66666666666667
Q1,1994-04-26,17,58.857142857142854
Q1,1994-05-03,19,53.5
Q1,1994-05-10,14,49.44444444444444
Q1,1994-05-17,25,35.888888888888886
Q1,1994-05-24,18,17.444444444444443
Q1,1994-05-31,16,32.44444444444444
Q1,1994-06-07,17,31.777777777777782
Q1,1994-06-14,20,41.55555555555556
Q1,1994-06-21,11,51.22222222222222
Q1,1994-06-28,NA,55.375
Q1,1994-06-30,152,55.375
Q1,1994-07-05,13,61
Q1,1994-07-12,102,68.33333333333333
Q1,1994-07-19,112,78
Q1,1994-07-26,NA,94.75
Q1,1994-08-02,NA,75.66666666666667
Q1,1994-08-09,NA,107
Q1,1994-08-16,NA,112
Q1,1994-08-23,NA,NA
Q1,1994-08-30,NA,NA
Q1,1994-09-06,NA,NA
Q1,1994-09-13,NA,NA
Q1,1994-09-20,NA,NA
Q1,1994-09-27,NA,NA
Q1,1994-10-04,NA,NA
Q1,1994-10-11,NA,NA
Q1,1994-10-18,NA,NA
Q1,1994-10-25,NA,NA
Q1,1994-11-01,NA,NA
Q1,1994-11-08,NA,109
Q1,1994-11-15,NA,109
Q1,1994-11-22,NA,109
Q1,1994-11-29,NA,109
Q1,1994-12-06,109,109
Q1,1994-12-13,NA,109
Q1,1994-12-20,NA,109
Q1,1994-12-27,NA,109
Q2,1988-01-05,255,257.46153846153845
Q2,1988-01-12,233,257.46153846153845
Q2,1988-01-19,221,241.28571428571428
Q2,1988-01-26,195,240.6
Q2,1988-01-29,183,240.6
Q2,1988-01-29,306,240.6
Q2,1988-01-29,364,240.6
Q2,1988-01-29,333,240.6
Q2,1988-01-29,268,240.6
Q2,1988-01-29,NA,240.6
Q2,1988-01-29,331,240.6
Q2,1988-01-29,NA,240.6
Q2,1988-02-02,223,239.1875
Q2,1988-02-02,153,239.1875
Q2,1988-02-03,282,239.1875
Q2,1988-02-04,NA,239.1875
Q2,1988-02-09,NA,236.3125
Q2,1988-02-10,NA,236.3125
Q2,1988-02-16,31,233.6875
Q2,1988-02-23,231,228.5625
Q2,1988-03-01,218,196.4
Q2,1988-03-08,209,185
Q2,1988-03-15,191,183.66666666666666
Q2,1988-03-23,139,203.77777777777777
Q2,1988-03-29,287,198.33333333333334
Q2,1988-04-05,174,192.33333333333334
Q2,1988-04-12,173,209.9
Q2,1988-04-19,212,214.2
Q2,1988-04-26,182,221.6
Q2,1988-05-03,164,215.3
Q2,1988-05-10,NA,216.7
Q2,1988-05-10,NA,216.7
Q2,1988-05-10,NA,216.7
Q2,1988-05-10,415,216.7
Q2,1988-05-10,162,216.7
Q2,1988-05-17,234,221.55555555555554
Q2,1988-05-24,213,222.75
Q2,1988-05-31,224,228.57142857142858
Q2,1988-06-07,188,239.33333333333334
Q2,1988-06-14,NA,214.75
Q2,1988-06-21,NA,208.33333333333334
Q2,1988-06-28,NA,206
Q2,1988-07-05,NA,188
Q2,1988-07-12,NA,NA
Q2,1988-07-19,NA,NA
Q2,1988-07-22,NA,NA
Q2,1988-07-26,NA,153.25
Q2,1988-07-26,NA,153.25
Q2,1988-08-02,NA,170.8
Q2,1988-08-09,NA,178.33333333333334
Q2,1988-08-16,NA,187.14285714285714
Q2,1988-08-23,NA,192.125
Q2,1988-08-24,70,192.125
Q2,1988-08-24,238,192.125
Q2,1988-08-24,172,192.125
Q2,1988-08-24,133,192.125
Q2,1988-08-24,NA,192.125
Q2,1988-08-30,241,198.11111111111111
Q2,1988-09-06,216,179.2
Q2,1988-09-13,240,184.72727272727272
Q2,1988-09-20,227,188.91666666666666
Q2,1988-09-27,246,206.75
Q2,1988-10-04,9,203.875
Q2,1988-10-11,240,205
Q2,1988-10-18,235,203
Q2,1988-10-25,NA,202.625
Q2,1988-11-01,218,197.875
Q2,1988-11-07,225,226.625
Q2,1988-11-15,224,224.125
Q2,1988-11-22,224,221.5
Q2,1988-11-29,208,222.11111111111111
Q2,1988-12-06,239,198.88888888888889
Q2,1988-12-13,220,220.66666666666666
Q2,1988-12-20,214,211.22222222222223
Q2,1988-12-27,227,211
Q2,1989-01-03,9,215.22222222222223
Q2,1989-01-10,421,215.88888888888889
Q2,1989-01-17,139,219.11111111111111
Q2,1989-01-24,222,220.66666666666666
Q2,1989-01-31,246,221.55555555555554
Q2,1989-02-07,245,246.88888888888889
Q2,1989-02-14,249,232.8
Q2,1989-02-21,228,241.8
Q2,1989-02-28,235,241.3
Q2,1989-03-07,237,239.1
Q2,1989-03-09,NA,239.1
Q2,1989-03-14,61,235.5
Q2,1989-03-14,466,235.5
Q2,1989-03-21,229,224.9
Q2,1989-03-28,217,218.3
Q2,1989-04-04,224,209.9
Q2,1989-04-11,209,205.6
Q2,1989-04-18,143,190.55555555555554
Q2,1989-04-25,162,183.55555555555554
Q2,1989-05-02,151,176.77777777777777
Q2,1989-05-09,194,174
Q2,1989-05-16,186,169.33333333333334
Q2,1989-05-23,166,174
Q2,1989-05-30,156,165.55555555555554
Q2,1989-06-06,199,172.22222222222223
Q2,1989-06-13,167,172.66666666666666
Q2,1989-06-20,185,166.66666666666666
Q2,1989-06-27,86,170.44444444444446
Q2,1989-07-05,211,178.22222222222223
Q2,1989-07-11,198,171.55555555555554
Q2,1989-07-18,132,169.11111111111111
Q2,1989-07-26,200,176
Q2,1989-08-01,226,183
Q2,1989-08-08,139,163.11111111111111
Q2,1989-08-15,145,142
Q2,1989-08-22,247,143.25
Q2,1989-08-29,149,131.5
Q2,1989-09-05,32,117.375
Q2,1989-09-12,8,114.28571428571429
Q2,1989-09-20,NA,118
Q2,1989-09-22,NA,118
Q2,1989-09-26,NA,137.42857142857142
Q2,1989-09-26,106,137.42857142857142
Q2,1989-10-03,113,179.42857142857142
Q2,1989-10-05,NA,179.42857142857142
Q2,1989-10-10,NA,381.5
Q2,1989-10-17,171,433.5
Q2,1989-10-24,383,419.1111111111111
Q2,1989-10-31,443,439.55555555555554
Q2,1989-11-07,624,456.1111111111111
Q2,1989-11-08,1204,456.1111111111111
Q2,1989-11-14,424,437
Q2,1989-11-21,304,446.2
Q2,1989-11-28,290,424.3
Q2,1989-12-05,262,422.2222222222223
Q2,1989-12-12,265,280.875
Q2,1989-12-19,263,276
Q2,1989-12-26,164,239.25
Q2,1990-01-02,NA,204.625
Q2,1990-01-09,275,206.5
Q2,1990-01-16,385,209.375
Q2,1990-01-23,10,183.625
Q2,1990-01-30,13,194.75
Q2,1990-02-06,277,194.33333333333334
Q2,1990-02-13,288,180.55555555555554
Q2,1990-02-20,57,155
Q2,1990-02-27,253,188
Q2,1990-03-06,191,213
Q2,1990-03-13,151,189.28571428571428
Q2,1990-03-20,NA,155.71428571428572
Q2,1990-03-27,274,453.72727272727275
Q2,1990-04-03,NA,460.9090909090909
Q2,1990-04-10,111,468.75
Q2,1990-04-17,53,479
Q2,1990-04-24,10,460.2307692307692
Q2,1990-04-25,840,460.2307692307692
Q2,1990-04-25,1059,460.2307692307692
Q2,1990-04-25,1338,460.2307692307692
Q2,1990-04-26,711,460.2307692307692
Q2,1990-05-01,332,466.7692307692308
Q2,1990-05-08,10,443.7142857142857
Q2,1990-05-10,736,443.7142857142857
Q2,1990-05-15,274,454.4285714285714
Q2,1990-05-22,235,486.5714285714286
Q2,1990-05-29,359,314.8
Q2,1990-06-05,144,301.5
Q2,1990-06-12,261,275.6666666666667
Q2,1990-06-19,503,260.44444444444446
Q2,1990-06-26,294,260.55555555555554
Q2,1990-07-03,199,232.77777777777777
Q2,1990-07-10,212,228.66666666666669
Q2,1990-07-17,137,245.77777777777777
Q2,1990-07-24,236,213.44444444444446
Q2,1990-07-31,109,198.44444444444446
Q2,1990-08-07,107,177.44444444444446
Q2,1990-08-14,415,155.55555555555554
Q2,1990-08-21,212,142.77777777777777
Q2,1990-08-28,159,119
Q2,1990-09-04,10,121.11111111111113
Q2,1990-09-11,15,120.44444444444444
Q2,1990-09-18,22,85.11111111111111
Q2,1990-09-25,22,80.66666666666666
Q2,1990-10-02,128,74.11111111111111
Q2,1990-10-09,101,101
Q2,1990-10-16,97,118.22222222222223
Q2,1990-10-23,172,143.88888888888889
Q2,1990-10-30,100,164.22222222222223
Q2,1990-11-06,252,164.7
Q2,1990-11-13,170,168.45454545454547
Q2,1990-11-20,253,182.54545454545453
Q2,1990-11-27,205,188.27272727272728
Q2,1990-12-04,289,203.45454545454547
Q2,1990-12-04,8,203.45454545454547
Q2,1990-12-11,7,211.45454545454547
Q2,1990-12-14,300,211.45454545454547
Q2,1990-12-18,252,215.6
Q2,1990-12-25,235,204.1
Q2,1990-12-31,267,193.1
Q2,1991-01-08,340,182.11111111111111
Q2,1991-01-15,NA,174.375
Q2,1991-01-22,138,151.75
Q2,1991-01-29,95,151
Q2,1991-02-05,5,134.42857142857142
Q2,1991-02-12,63,124.71428571428571
Q2,1991-02-19,71,135.625
Q2,1991-02-26,229,138.125
Q2,1991-03-05,NA,150.125
Q2,1991-03-12,272,151.75
Q2,1991-03-19,212,147.5
Q2,1991-03-22,NA,147.5
Q2,1991-03-26,158,141
Q2,1991-04-02,191,117.625
Q2,1991-04-09,18,106.55555555555557
Q2,1991-04-15,29,77.44444444444443
Q2,1991-04-23,19,56
Q2,1991-04-30,42,39.55555555555556
Q2,1991-05-07,18,26.88888888888889
Q2,1991-05-14,10,35
Q2,1991-05-21,19,41.33333333333333
Q2,1991-05-28,10,43.111111111111114
Q2,1991-05-31,NA,43.111111111111114
Q2,1991-06-01,NA,65.66666666666666
Q2,1991-06-04,77,65.66666666666666
Q2,1991-06-11,91,76.77777777777777
Q2,1991-06-18,86,85.125
Q2,1991-06-25,35,84
Q2,1991-07-02,245,84
Q2,1991-07-09,118,91.125
Q2,1991-07-16,NA,81
Q2,1991-07-23,10,71.5
Q2,1991-07-30,10,64.44444444444444
Q2,1991-08-06,134,51.44444444444444
Q2,1991-08-13,10,53.55555555555556
Q2,1991-08-20,10,60.2
Q2,1991-08-27,26,66.5
Q2,1991-08-27,17,66.5
Q2,1991-09-03,128,77.7
Q2,1991-09-10,137,76.8
Q2,1991-09-17,120,88.2
Q2,1991-09-24,73,98.9
Q2,1991-10-01,122,109.33333333333333
Q2,1991-10-08,125,135.8181818181818
Q2,1991-10-15,124,159.63636363636363
Q2,1991-10-22,117,170.83333333333331
Q2,1991-10-29,38,188.58333333333331
Q2,1991-11-05,156,179.25
Q2,1991-11-07,199,179.25
Q2,1991-11-08,283,179.25
Q2,1991-11-12,399,204.75
Q2,1991-11-18,262,221.08333333333331
Q2,1991-11-22,152,226.69230769230768
Q2,1991-11-26,286,235.83333333333334
Q2,1991-12-03,10,249
Q2,1991-12-10,431,280.1
Q2,1991-12-17,320,277.6
Q2,1991-12-23,294,281.7
Q2,1991-12-30,196,297.6666666666667
Q2,1992-01-07,451,334.5
Q2,1992-01-14,374,293.3
Q2,1992-01-21,303,284.9
Q2,1992-01-28,300,276.2
Q2,1992-02-04,469,257.6
Q2,1992-02-06,207,257.6
Q2,1992-02-11,19,221.7
Q2,1992-02-18,236,202.3
Q2,1992-02-25,207,191.11111111111111
Q2,1992-03-03,10,171.77777777777777
Q2,1992-03-10,92,117.25
Q2,1992-03-17,180,116.25
Q2,1992-03-24,NA,88.125
Q2,1992-04-01,126,65.625
Q2,1992-04-07,68,108.5
Q2,1992-04-14,11,131.5
Q2,1992-04-21,11,135.125
Q2,1992-04-28,27,135.125
Q2,1992-05-05,353,124.75
Q2,1992-05-12,276,119.5
Q2,1992-05-19,209,121.625
Q2,1992-05-26,NA,124.875
Q2,1992-06-02,43,125.125
Q2,1992-06-09,26,84.5
Q2,1992-06-16,28,55.25
Q2,1992-06-23,37,46.875
Q2,1992-06-30,29,58
Q2,1992-07-07,28,74.66666666666666
Q2,1992-07-14,42,74.66666666666666
Q2,1992-07-21,142,90.44444444444444
Q2,1992-07-28,147,108.22222222222223
Q2,1992-08-04,193,106.11111111111111
Q2,1992-08-11,26,104.11111111111111
Q2,1992-08-18,170,100.55555555555556
Q2,1992-08-25,197,85.88888888888889
Q2,1992-09-01,10,79.66666666666667
Q2,1992-09-08,10,84.22222222222223
Q2,1992-09-15,10,82.22222222222223
Q2,1992-09-22,10,71.25
Q2,1992-09-29,91,49.125
Q2,1992-10-06,234,52
Q2,1992-10-13,8,54.375
Q2,1992-10-20,NA,57.5
Q2,1992-10-27,20,57.125
Q2,1992-11-03,33,47.75
Q2,1992-11-10,29,20.75
Q2,1992-11-17,35,60.5
Q2,1992-11-24,7,60.5
Q2,1992-12-01,16,66.28571428571429
Q2,1992-12-08,18,71.83333333333334
Q2,1992-12-15,326,80.4
Q2,1992-12-22,NA,91.75
Q2,1992-12-22,NA,91.75
Q2,1992-12-29,NA,120
Q2,1993-01-05,NA,172
Q2,1993-01-12,NA,326
Q2,1993-01-19,NA,NA
Q2,1993-01-26,NA,NA
Q2,1993-02-02,NA,135
Q2,1993-02-09,NA,177.5
Q2,1993-02-16,NA,179.33333333333334
Q2,1993-02-23,NA,179.33333333333334
Q2,1993-03-02,135,179.33333333333334
Q2,1993-03-09,220,145.5
Q2,1993-03-16,183,135
Q2,1993-03-23,NA,123.66666666666667
Q2,1993-03-30,NA,111.14285714285714
Q2,1993-04-06,44,144
Q2,1993-04-13,93,114.28571428571429
Q2,1993-04-20,67,102.83333333333334
Q2,1993-04-27,36,89.85714285714285
Q2,1993-05-04,365,84.125
Q2,1993-05-11,12,89.75
Q2,1993-05-18,NA,82.875
Q2,1993-05-25,12,97.75
Q2,1993-06-01,44,95
Q2,1993-06-08,89,72.75
Q2,1993-06-15,38,81.42857142857143
Q2,1993-06-15,NA,81.42857142857143
Q2,1993-06-22,186,81.42857142857143
Q2,1993-06-29,14,93
Q2,1993-07-06,187,102.8
Q2,1993-07-13,NA,95.4
Q2,1993-07-20,NA,89
Q2,1993-07-27,NA,64.75
Q2,1993-08-03,NA,63
Q2,1993-08-10,52,23.5
Q2,1993-08-17,6,51.4
Q2,1993-08-24,NA,84.16666666666666
Q2,1993-08-31,7,74.71428571428571
Q2,1993-09-07,29,67.125
Q2,1993-09-14,163,61.625
Q2,1993-09-21,248,62
Q2,1993-09-28,18,57
Q2,1993-10-05,14,57.33333333333333
Q2,1993-10-13,8,55.33333333333333
Q2,1993-10-19,9,57.77777777777778
Q2,1993-10-26,17,35.44444444444444
Q2,1993-11-02,10,35.44444444444444
Q2,1993-11-09,11,39.888888888888886
Q2,1993-11-16,185,41.22222222222222
Q2,1993-11-23,47,42
Q2,1993-11-30,18,45.125
Q2,1993-12-07,54,50.142857142857146
Q2,1993-12-14,20,56.66666666666667
Q2,1993-12-21,16,31
Q2,1993-12-28,NA,27
Q2,1994-01-04,NA,30
Q2,1994-01-11,NA,15
Q2,1994-01-18,NA,12.5
Q2,1994-01-25,NA,9
Q2,1994-02-01,NA,9.5
Q2,1994-02-08,9,12.333333333333334
Q2,1994-02-15,NA,12.333333333333334
Q2,1994-02-22,NA,12.333333333333334
Q2,1994-03-01,10,12.333333333333334
Q2,1994-03-08,18,12.333333333333334
Q2,1994-03-15,NA,18.666666666666668
Q2,1994-03-22,NA,37.5
Q2,1994-03-29,NA,32.8
Q2,1994-04-05,NA,33
Q2,1994-04-12,28,33
Q2,1994-04-19,94,30.166666666666664
Q2,1994-04-26,14,28.428571428571427
Q2,1994-05-03,11,28
Q2,1994-05-10,18,26.77777777777778
Q2,1994-05-17,16,26.625
Q2,1994-05-24,18,22.25
Q2,1994-05-31,25,23.11111111111111
Q2,1994-06-07,17,29.444444444444443
Q2,1994-06-14,NA,30.875
Q2,1994-06-21,59,87.625
Q2,1994-06-28,6,97.57142857142858
Q2,1994-06-30,38,97.57142857142858
Q2,1994-07-05,68,109.66666666666666
Q2,1994-07-12,NA,128.2
Q2,1994-07-19,470,128.2
Q2,1994-07-26,NA,145.5
Q2,1994-08-02,NA,269
Q2,1994-08-09,NA,470
Q2,1994-08-16,NA,470
Q2,1994-08-23,NA,NA
Q2,1994-08-30,NA,NA
Q2,1994-09-06,NA,NA
Q2,1994-09-13,NA,NA
Q2,1994-09-20,NA,NA
Q2,1994-09-27,NA,NA
Q2,1994-10-04,NA,NA
Q2,1994-10-11,NA,NA
Q2,1994-10-18,NA,NA
Q2,1994-10-25,NA,NA
Q2,1994-11-01,NA,NA
Q2,1994-11-08,NA,NA
Q2,1994-11-15,NA,NA
Q2,1994-11-22,NA,NA
Q2,1994-11-29,NA,NA
Q2,1994-12-06,NA,NA
Q2,1994-12-13,NA,NA
Q2,1994-12-20,NA,NA
Q2,1994-12-27,NA,NA
Q3,1988-01-05,142,160.91666666666666
Q3,1988-01-12,181,161.6153846153846
Q3,1988-01-19,157,160.5
Q3,1988-01-26,157,163.4
Q3,1988-01-29,209,163.4
Q3,1988-01-29,183,163.4
Q3,1988-01-29,167,163.4
Q3,1988-01-29,141,163.4
Q3,1988-01-29,209,163.4
Q3,1988-01-29,NA,163.4
Q3,1988-01-29,207,163.4
Q3,1988-02-02,146,165.4375
Q3,1988-02-02,32,165.4375
Q3,1988-02-03,NA,165.4375
Q3,1988-02-04,NA,165.4375
Q3,1988-02-09,170,168.8125
Q3,1988-02-10,NA,168.8125
Q3,1988-02-16,146,170.9375
Q3,1988-02-23,204,174.8125
Q3,1988-03-01,196,172.4
Q3,1988-03-08,196,194.77777777777777
Q3,1988-03-15,215,199.22222222222223
Q3,1988-03-23,219,204.22222222222223
Q3,1988-03-29,200,204.66666666666666
Q3,1988-04-05,207,205.22222222222223
Q3,1988-04-12,210,206.1
Q3,1988-04-19,191,202.2
Q3,1988-04-26,208,200.9
Q3,1988-05-03,201,198.7
Q3,1988-05-10,224,198.6
Q3,1988-05-10,186,198.6
Q3,1988-05-10,NA,198.6
Q3,1988-05-10,NA,198.6
Q3,1988-05-10,NA,198.6
Q3,1988-05-17,176,197.33333333333334
Q3,1988-05-24,206,198.125
Q3,1988-05-31,178,196.71428571428572
Q3,1988-06-07,206,196
Q3,1988-06-14,NA,191.5
Q3,1988-06-21,NA,196.66666666666666
Q3,1988-06-28,NA,192
Q3,1988-07-05,NA,206
Q3,1988-07-12,NA,NA
Q3,1988-07-19,NA,NA
Q3,1988-07-22,NA,NA
Q3,1988-07-26,NA,85
Q3,1988-07-26,NA,85
Q3,1988-08-02,NA,118
Q3,1988-08-09,NA,134.66666666666666
Q3,1988-08-16,NA,135.5
Q3,1988-08-23,NA,134.4
Q3,1988-08-24,NA,134.4
Q3,1988-08-24,NA,134.4
Q3,1988-08-24,NA,134.4
Q3,1988-08-24,85,134.4
Q3,1988-08-24,NA,134.4
Q3,1988-08-30,151,133.16666666666666
Q3,1988-09-06,168,133.16666666666666
Q3,1988-09-13,138,140.85714285714286
Q3,1988-09-20,130,148.875
Q3,1988-09-27,127,158.625
Q3,1988-10-04,NA,165
Q3,1988-10-11,187,168.25
Q3,1988-10-18,205,171.25
Q3,1988-10-25,163,176.25
Q3,1988-11-01,202,182.75
Q3,1988-11-07,194,184.44444444444446
Q3,1988-11-15,162,184
Q3,1988-11-22,170,184
Q3,1988-11-29,179,186.33333333333334
Q3,1988-12-06,198,182.22222222222223
Q3,1988-12-13,183,191.33333333333334
Q3,1988-12-20,205,174.44444444444446
Q3,1988-12-27,184,177.33333333333334
Q3,1989-01-03,165,181.77777777777777
Q3,1989-01-10,276,184
Q3,1989-01-17,10,188.88888888888889
Q3,1989-01-24,196,184
Q3,1989-01-31,219,179.77777777777777
Q3,1989-02-07,218,181.44444444444446
Q3,1989-02-14,227,163.66666666666666
Q3,1989-02-21,161,181.77777777777777
Q3,1989-02-28,146,180.22222222222223
Q3,1989-03-07,180,175.11111111111111
Q3,1989-03-09,NA,175.11111111111111
Q3,1989-03-14,116,167.11111111111111
Q3,1989-03-21,173,158.22222222222223
Q3,1989-03-28,182,161
Q3,1989-04-04,173,163.77777777777777
Q3,1989-04-11,146,159.66666666666666
Q3,1989-04-18,147,164.66666666666666
Q3,1989-04-25,186,166.55555555555554
Q3,1989-05-02,171,164.44444444444446
Q3,1989-05-09,143,159.88888888888889
Q3,1989-05-16,161,159.66666666666666
Q3,1989-05-23,190,145.22222222222223
Q3,1989-05-30,163,128.11111111111111
Q3,1989-06-06,132,110.22222222222223
Q3,1989-06-13,144,109
Q3,1989-06-20,17,92.22222222222223
Q3,1989-06-27,32,75.66666666666667
Q3,1989-07-05,10,75.22222222222223
Q3,1989-07-11,132,90.33333333333333
Q3,1989-07-18,10,97.33333333333334
Q3,1989-07-26,41,111.22222222222223
Q3,1989-08-01,159,133.55555555555554
Q3,1989-08-08,268,143.88888888888889
Q3,1989-08-15,207,139.66666666666666
Q3,1989-08-22,142,155.875
Q3,1989-08-29,233,172.28571428571428
Q3,1989-09-05,103,157
Q3,1989-09-12,94,138.5
Q3,1989-09-20,NA,132.83333333333334
Q3,1989-09-22,NA,132.83333333333334
Q3,1989-09-26,NA,176.5
Q3,1989-09-26,NA,176.5
Q3,1989-10-03,52,234.66666666666669
Q3,1989-10-05,NA,234.66666666666669
Q3,1989-10-10,NA,409.57142857142856
Q3,1989-10-17,173,459.57142857142856
Q3,1989-10-24,404,444.625
Q3,1989-10-31,582,431.6666666666667
Q3,1989-11-07,657,460.8888888888889
Q3,1989-11-08,905,460.8888888888889
Q3,1989-11-14,444,415.8
Q3,1989-11-21,340,428.8
Q3,1989-11-28,328,424.5
Q3,1989-12-05,315,407
Q3,1989-12-12,10,300.625
Q3,1989-12-19,303,249.625
Q3,1989-12-26,361,218.625
Q3,1990-01-02,NA,181.875
Q3,1990-01-09,304,191.875
Q3,1990-01-16,36,256.875
Q3,1990-01-23,92,268.375
Q3,1990-01-30,34,262.375
Q3,1990-02-06,395,268.55555555555554
Q3,1990-02-13,530,241
Q3,1990-02-20,395,320.44444444444446
Q3,1990-02-27,313,381.77777777777777
Q3,1990-03-06,318,425.25
Q3,1990-03-13,56,404
Q3,1990-03-20,751,356.25
Q3,1990-03-27,644,384.5
Q3,1990-04-03,NA,380.25
Q3,1990-04-10,225,387.3076923076923
Q3,1990-04-17,148,411.6923076923077
Q3,1990-04-24,10,375.0769230769231
Q3,1990-04-25,136,375.0769230769231
Q3,1990-04-25,970,375.0769230769231
Q3,1990-04-25,691,375.0769230769231
Q3,1990-04-26,352,375.0769230769231
Q3,1990-05-01,262,352.3076923076923
Q3,1990-05-08,10,340.57142857142856
Q3,1990-05-10,780,340.57142857142856
Q3,1990-05-15,373,335.5
Q3,1990-05-22,275,349
Q3,1990-05-29,348,310.6
Q3,1990-06-05,188,308
Q3,1990-06-12,154,283.44444444444446
Q3,1990-06-19,337,252.77777777777777
Q3,1990-06-26,379,250
Q3,1990-07-03,236,224.25
Q3,1990-07-10,261,227.125
Q3,1990-07-17,97,260.875
Q3,1990-07-24,NA,245.625
Q3,1990-07-31,142,215.625
Q3,1990-08-07,211,187.375
Q3,1990-08-14,424,156.125
Q3,1990-08-21,215,154.375
Q3,1990-08-28,139,148.88888888888889
Q3,1990-09-04,10,151.77777777777777
Q3,1990-09-11,11,138.66666666666669
Q3,1990-09-18,83,103.55555555555556
Q3,1990-09-25,105,99.77777777777777
Q3,1990-10-02,168,95.88888888888889
Q3,1990-10-09,93,114.55555555555556
Q3,1990-10-16,108,131.44444444444446
Q3,1990-10-23,181,141.22222222222223
Q3,1990-10-30,104,155.55555555555554
Q3,1990-11-06,178,155.11111111111111
Q3,1990-11-13,163,167.5
Q3,1990-11-20,171,188.9
Q3,1990-11-27,234,189.7
Q3,1990-12-04,NA,198.5
Q3,1990-12-04,164,198.5
Q3,1990-12-11,114,197.5
Q3,1990-12-14,258,197.5
Q3,1990-12-18,322,201.33333333333334
Q3,1990-12-25,189,194.66666666666666
Q3,1990-12-31,192,189.75
Q3,1991-01-08,168,170.625
Q3,1991-01-15,NA,161.42857142857142
Q3,1991-01-22,111,159.14285714285714
Q3,1991-01-29,NA,157
Q3,1991-02-05,11,153.57142857142858
Q3,1991-02-12,137,154.28571428571428
Q3,1991-02-19,306,163.625
Q3,1991-02-26,174,168.75
Q3,1991-03-05,168,158.88888888888889
Q3,1991-03-12,173,160.22222222222223
Q3,1991-03-19,229,147.33333333333331
Q3,1991-03-22,NA,147.33333333333331
Q3,1991-03-26,152,118.22222222222223
Q3,1991-04-02,80,109.11111111111111
Q3,1991-04-09,23,92.22222222222223
Q3,1991-04-15,21,82.125
Q3,1991-04-23,44,59.125
Q3,1991-04-30,92,49.875
Q3,1991-05-07,16,41.5
Q3,1991-05-14,NA,51.75
Q3,1991-05-21,45,67.75
Q3,1991-05-28,78,63
Q3,1991-05-31,NA,63
Q3,1991-06-01,NA,74.5
Q3,1991-06-04,13,74.5
Q3,1991-06-11,105,87.25
Q3,1991-06-18,149,87.25
Q3,1991-06-25,6,101.375
Q3,1991-07-02,184,92.875
Q3,1991-07-09,118,130.5
Q3,1991-07-16,NA,118.625
Q3,1991-07-23,158,101.625
Q3,1991-07-30,10,98.11111111111111
Q3,1991-08-06,314,103.44444444444444
Q3,1991-08-13,10,100.66666666666666
Q3,1991-08-20,13,107.1
Q3,1991-08-27,26,103.2
Q3,1991-08-27,50,103.2
Q3,1991-09-03,232,111.9
Q3,1991-09-10,93,97.2
Q3,1991-09-17,165,114.8
Q3,1991-09-24,119,130.1
Q3,1991-10-01,97,142.88888888888889
Q3,1991-10-08,167,132.36363636363637
Q3,1991-10-15,186,148.54545454545453
Q3,1991-10-22,166,147.91666666666666
Q3,1991-10-29,61,154.41666666666666
Q3,1991-11-05,163,148.41666666666666
Q3,1991-11-07,96,148.41666666666666
Q3,1991-11-08,143,148.41666666666666
Q3,1991-11-12,271,154.66666666666666
Q3,1991-11-18,208,161.16666666666666
Q3,1991-11-22,98,167
Q3,1991-11-26,197,167.08333333333334
Q3,1991-12-03,25,183.16666666666666
Q3,1991-12-10,242,207.5
Q3,1991-12-17,264,203.9
Q3,1991-12-23,237,204.9
Q3,1991-12-30,254,219.22222222222223
Q3,1992-01-07,279,219.8
Q3,1992-01-14,235,197.3
Q3,1992-01-21,218,185.3
Q3,1992-01-28,219,194.9
Q3,1992-02-04,94,189.1
Q3,1992-02-06,156,189.1
Q3,1992-02-11,17,177.4
Q3,1992-02-18,144,172.2
Q3,1992-02-25,333,167.11111111111111
Q3,1992-03-03,196,154.11111111111111
Q3,1992-03-10,162,143.375
Q3,1992-03-17,183,143
Q3,1992-03-24,NA,127.375
Q3,1992-04-01,102,89.25
Q3,1992-04-07,10,85.75
Q3,1992-04-14,14,86.5
Q3,1992-04-21,19,80
Q3,1992-04-28,28,80
Q3,1992-05-05,168,73.875
Q3,1992-05-12,168,73.875
Q3,1992-05-19,131,113.75
Q3,1992-05-26,NA,115
Q3,1992-06-02,53,115.5
Q3,1992-06-09,10,98.125
Q3,1992-06-16,333,82.5
Q3,1992-06-23,29,72.125
Q3,1992-06-30,32,74.11111111111111
Q3,1992-07-07,29,71.11111111111111
Q3,1992-07-14,43,72.88888888888889
Q3,1992-07-21,48,46.888888888888886
Q3,1992-07-28,90,44.888888888888886
Q3,1992-08-04,26,42.44444444444444
Q3,1992-08-11,26,40.333333333333336
Q3,1992-08-18,99,39.77777777777778
Q3,1992-08-25,11,48
Q3,1992-09-01,10,49.66666666666667
Q3,1992-09-08,10,62.55555555555556
Q3,1992-09-15,38,64.77777777777777
Q3,1992-09-22,122,54.55555555555556
Q3,1992-09-29,105,56.33333333333333
Q3,1992-10-06,142,68.11111111111111
Q3,1992-10-13,46,76.44444444444444
Q3,1992-10-20,7,73.77777777777777
Q3,1992-10-27,27,61.33333333333333
Q3,1992-11-03,116,51.111111111111114
Q3,1992-11-10,85,37.888888888888886
Q3,1992-11-17,14,35.111111111111114
Q3,1992-11-24,10,38.625
Q3,1992-12-01,13,40.28571428571429
Q3,1992-12-08,23,27.666666666666664
Q3,1992-12-15,21,16.2
Q3,1992-12-22,NA,16.75
Q3,1992-12-22,NA,16.75
Q3,1992-12-29,NA,19
Q3,1993-01-05,NA,22
Q3,1993-01-12,NA,21
Q3,1993-01-19,NA,NA
Q3,1993-01-26,NA,NA
Q3,1993-02-02,NA,207
Q3,1993-02-09,NA,110
Q3,1993-02-16,NA,143.33333333333334
Q3,1993-02-23,NA,123.25
Q3,1993-03-02,207,121.8
Q3,1993-03-09,13,129.5
Q3,1993-03-16,210,134.14285714285714
Q3,1993-03-23,63,136.875
Q3,1993-03-30,116,137.77777777777777
Q3,1993-04-06,168,129.125
Q3,1993-04-13,162,145.71428571428572
Q3,1993-04-20,156,135
Q3,1993-04-27,145,149.4
Q3,1993-05-04,NA,129.4
Q3,1993-05-11,NA,119.75
Q3,1993-05-18,NA,81.25
Q3,1993-05-25,NA,51.25
Q3,1993-06-01,16,20
Q3,1993-06-08,NA,59
Q3,1993-06-15,8,59
Q3,1993-06-15,NA,59
Q3,1993-06-22,36,59
Q3,1993-06-29,NA,59
Q3,1993-07-06,176,60.25
Q3,1993-07-13,NA,65.4
Q3,1993-07-20,NA,79.8
Q3,1993-07-27,NA,137.4
Q3,1993-08-03,21,117.5
Q3,1993-08-10,86,102.83333333333334
Q3,1993-08-17,80,102.83333333333334
Q3,1993-08-24,324,105.85714285714286
Q3,1993-08-31,18,99
Q3,1993-09-07,88,103.5
Q3,1993-09-14,NA,94.75
Q3,1993-09-21,124,85.75
Q3,1993-09-28,51,46
Q3,1993-10-05,57,50
Q3,1993-10-13,16,43.66666666666667
Q3,1993-10-19,8,43.66666666666667
Q3,1993-10-26,6,32
Q3,1993-11-02,NA,28.2
Q3,1993-11-09,NA,21
Q3,1993-11-16,NA,22.25
Q3,1993-11-23,54,25.75
Q3,1993-11-30,NA,32.333333333333336
Q3,1993-12-07,NA,32.333333333333336
Q3,1993-12-14,21,32.333333333333336
Q3,1993-12-21,22,32.333333333333336
Q3,1993-12-28,NA,17.666666666666668
Q3,1994-01-04,NA,17.25
Q3,1994-01-11,NA,17.25
Q3,1994-01-18,NA,16
Q3,1994-01-25,10,13
Q3,1994-02-01,16,13
Q3,1994-02-08,NA,12.666666666666666
Q3,1994-02-15,NA,11
Q3,1994-02-22,NA,11
Q3,1994-03-01,NA,12.5
Q3,1994-03-08,12,11.75
Q3,1994-03-15,6,38.6
Q3,1994-03-22,NA,55.66666666666667
Q3,1994-03-29,16,50.857142857142854
Q3,1994-04-05,13,45.625
Q3,1994-04-12,146,47
Q3,1994-04-19,141,49
Q3,1994-04-26,22,46.222222222222214
Q3,1994-05-03,9,47.222222222222214
Q3,1994-05-10,23,46.66666666666667
Q3,1994-05-17,22,31.666666666666664
Q3,1994-05-24,24,17.11111111111111
Q3,1994-05-31,25,29
Q3,1994-06-07,8,28.77777777777778
Q3,1994-06-14,11,42.33333333333333
Q3,1994-06-21,10,52.111111111111114
Q3,1994-06-28,NA,55.625
Q3,1994-06-30,129,55.625
Q3,1994-07-05,7,60
Q3,1994-07-12,145,68.66666666666667
Q3,1994-07-19,110,80.2
Q3,1994-07-26,NA,97.75
Q3,1994-08-02,NA,87.33333333333333
Q3,1994-08-09,NA,127.5
Q3,1994-08-16,NA,110
Q3,1994-08-23,NA,NA
Q3,1994-08-30,NA,NA
Q3,1994-09-06,NA,NA
Q3,1994-09-13,NA,NA
Q3,1994-09-20,NA,NA
Q3,1994-09-27,NA,NA
Q3,1994-10-04,NA,NA
Q3,1994-10-11,NA,NA
Q3,1994-10-18,NA,NA
Q3,1994-10-25,NA,NA
Q3,1994-11-01,NA,NA
Q3,1994-11-08,NA,NA
Q3,1994-11-15,NA,NA
Q3,1994-11-22,NA,NA
Q3,1994-11-29,NA,NA
Q3,1994-12-06,NA,NA
Q3,1994-12-13,NA,NA
Q3,1994-12-20,NA,NA
Q3,1994-12-27,NA,NA
MPR,1989-05-16,69,74.4
MPR,1989-05-23,69,73.83333333333333
MPR,1989-05-30,79,73.83333333333333
MPR,1989-06-06,85,64.71428571428571
MPR,1989-06-13,70,59.625
MPR,1989-06-20,71,58.285714285714285
MPR,1989-06-27,NA,49.857142857142854
MPR,1989-07-05,10,51.42857142857143
MPR,1989-07-11,24,65.42857142857143
MPR,1989-07-26,10,67.42857142857143
MPR,1989-08-01,90,62.625
MPR,1989-08-08,183,70.14285714285714
MPR,1989-08-15,41,73.71428571428571
MPR,1989-08-22,114,73.71428571428571
MPR,1989-08-29,29,84.33333333333333
MPR,1989-09-12,49,64
MPR,1989-10-03,80,111.75
MPR,1989-10-10,71,212.2
MPR,1989-10-24,247,263.5
MPR,1989-11-07,614,240.14285714285714
MPR,1989-11-14,357,230.85714285714283
MPR,1989-11-21,212,230.85714285714283
MPR,1989-11-28,170,221.14285714285717
MPR,1989-12-05,10,221.14285714285717
MPR,1989-12-12,6,149.57142857142856
MPR,1989-12-19,NA,112.71428571428571
MPR,1989-12-26,179,85.85714285714286
MPR,1990-01-02,NA,109.42857142857142
MPR,1990-01-09,113,138.71428571428572
MPR,1990-01-16,99,181.85714285714286
MPR,1990-01-23,24,163.125
MPR,1990-01-30,335,172
MPR,1990-02-06,215,170.66666666666666
MPR,1990-02-13,308,195.11111111111111
MPR,1990-02-20,32,209.22222222222223
MPR,1990-02-27,250,243.88888888888889
MPR,1990-03-06,160,220.33333333333334
MPR,1990-03-13,333,210.22222222222223
MPR,1990-03-20,226,190.44444444444446
MPR,1990-03-27,336,188
MPR,1990-04-03,123,180.55555555555554
MPR,1990-04-10,124,164.66666666666669
MPR,1990-04-17,130,155.44444444444446
MPR,1990-04-24,10,143.33333333333334
MPR,1990-05-01,183,130.11111111111111
MPR,1990-05-08,17,140
MPR,1990-05-15,250,149.88888888888889
MPR,1990-05-22,117,155.88888888888889
MPR,1990-05-29,217,181.11111111111111
MPR,1990-06-05,212,175.11111111111111
MPR,1990-06-12,213,190.22222222222223
MPR,1990-06-19,184,163.55555555555554
MPR,1990-06-26,237,187
MPR,1990-07-03,129,175.66666666666666
MPR,1990-07-10,153,163.33333333333334
MPR,1990-07-17,10,177.33333333333334
MPR,1990-07-24,328,171
MPR,1990-07-31,115,154.11111111111111
MPR,1990-08-07,101,152.22222222222223
MPR,1990-08-14,339,142.66666666666666
MPR,1990-08-21,127,155.88888888888889
MPR,1990-08-28,85,131.88888888888889
MPR,1990-09-04,112,128.88888888888889
MPR,1990-09-11,67,130.88888888888889
MPR,1990-09-18,129,108.55555555555556
MPR,1990-09-25,112,113.33333333333333
MPR,1990-10-02,88,118.66666666666667
MPR,1990-10-09,119,107
MPR,1990-10-16,138,112
MPR,1990-10-23,170,117.25
MPR,1990-10-30,133,126.125
MPR,1990-11-06,7,142.125
MPR,1990-11-13,NA,138.375
MPR,1990-11-20,171,141.75
MPR,1990-11-27,183,134.25
MPR,1990-12-04,216,137.375
MPR,1990-12-11,89,152.375
MPR,1990-12-18,165,152.375
MPR,1990-12-25,110,146.375
MPR,1990-12-31,158,136.75
MPR,1991-01-08,127,139
MPR,1991-01-15,NA,135.75
MPR,1991-01-22,123,142.5
MPR,1991-01-29,106,132.75
MPR,1991-02-05,234,129.14285714285714
MPR,1991-02-12,63,127.28571428571429
MPR,1991-02-19,219,131.875
MPR,1991-02-26,32,133.125
MPR,1991-03-05,NA,121.625
MPR,1991-03-12,114,105.57142857142857
MPR,1991-03-19,164,100.71428571428571
MPR,1991-03-26,133,79.42857142857143
MPR,1991-04-02,14,82.71428571428572
MPR,1991-04-15,29,71.5
MPR,1991-04-23,70,56.625
MPR,1991-04-30,55,41.25
MPR,1991-05-07,32,50.25
MPR,1991-05-14,75,52.22222222222222
MPR,1991-05-21,45,55
MPR,1991-05-28,10,47.888888888888886
MPR,1991-06-04,86,57.111111111111114
MPR,1991-06-11,68,68.55555555555556
MPR,1991-06-18,54,63
MPR,1991-06-25,6,59.111111111111114
MPR,1991-07-02,138,59.111111111111114
MPR,1991-07-09,135,58.33333333333333
MPR,1991-07-16,25,57.125
MPR,1991-07-23,10,57.57142857142857
MPR,1991-07-30,10,72.28571428571429
MPR,1991-08-06,79,54.714285714285715
MPR,1991-08-13,NA,43.42857142857143
MPR,1991-08-20,NA,52.142857142857146
MPR,1991-08-27,109,64.14285714285714
MPR,1991-09-03,15,80.14285714285714
MPR,1991-09-10,56,80.42857142857143
MPR,1991-09-17,86,106
MPR,1991-09-24,94,105.77777777777777
MPR,1991-10-01,122,105.55555555555556
MPR,1991-10-08,81,115
MPR,1991-10-15,285,130.55555555555554
MPR,1991-10-22,104,124
MPR,1991-10-29,107,126.22222222222223
MPR,1991-11-05,100,113.77777777777777
MPR,1991-11-12,196,118.88888888888889
MPR,1991-11-18,27,101.44444444444444
MPR,1991-11-26,114,105.77777777777777
MPR,1991-12-03,10,104.88888888888889
MPR,1991-12-10,127,115.55555555555556
MPR,1991-12-17,128,110.33333333333333
MPR,1991-12-23,143,119.44444444444444
MPR,1991-12-30,99,117.22222222222223
MPR,1992-01-07,196,136
MPR,1992-01-14,149,128.11111111111111
MPR,1992-01-21,109,117.77777777777777
MPR,1992-01-28,94,124.66666666666667
MPR,1992-02-04,179,136
MPR,1992-02-11,56,126.33333333333333
MPR,1992-02-18,35,122.22222222222223
MPR,1992-02-25,205,123.875
MPR,1992-03-03,201,118.625
MPR,1992-03-10,109,109.375
MPR,1992-03-17,112,108.375
MPR,1992-03-24,NA,107.375
MPR,1992-04-01,52,88.5
MPR,1992-04-07,105,75.875
MPR,1992-04-14,48,65.75
MPR,1992-04-21,27,63.875
MPR,1992-04-28,54,63.875
MPR,1992-05-05,100,67.375
MPR,1992-05-12,28,56
MPR,1992-05-19,97,54.375
MPR,1992-05-26,NA,54.625
MPR,1992-06-02,80,51.5
MPR,1992-06-09,14,42.625
MPR,1992-06-16,35,44.5
MPR,1992-06-23,29,37.75
MPR,1992-06-30,29,38.111111111111114
MPR,1992-07-07,29,30.555555555555557
MPR,1992-07-14,43,34.22222222222222
MPR,1992-07-21,43,38.111111111111114
MPR,1992-07-28,41,43.666666666666664
MPR,1992-08-04,12,48
MPR,1992-08-11,47,45.888888888888886
MPR,1992-08-18,70,42.333333333333336
MPR,1992-08-25,79,39.888888888888886
MPR,1992-09-01,68,45.22222222222222
MPR,1992-09-08,10,62.111111111111114
MPR,1992-09-15,11,59.55555555555556
MPR,1992-09-22,21,52.55555555555556
MPR,1992-09-29,89,46.44444444444444
MPR,1992-10-06,164,44.77777777777778
MPR,1992-10-13,24,51
MPR,1992-10-20,7,52.22222222222222
MPR,1992-10-27,24,56.125
MPR,1992-11-03,53,49.625
MPR,1992-11-10,66,31.5
MPR,1992-11-17,22,30.25
MPR,1992-11-24,NA,33.57142857142857
MPR,1992-12-01,37,35.166666666666664
MPR,1992-12-08,19,31.6
MPR,1992-12-15,14,23
MPR,1992-12-22,NA,23.333333333333332
MPR,1992-12-29,NA,23.333333333333332
MPR,1993-01-05,NA,16.5
MPR,1993-01-12,NA,14
MPR,1993-01-19,NA,NA
MPR,1993-01-26,NA,NA
MPR,1993-02-02,NA,78
MPR,1993-02-09,NA,77
MPR,1993-02-16,NA,84.33333333333333
MPR,1993-02-23,NA,74.75
MPR,1993-03-02,78,86.2
MPR,1993-03-09,76,91.66666666666667
MPR,1993-03-16,99,86.71428571428571
MPR,1993-03-23,46,84.875
MPR,1993-03-30,132,81.33333333333333
MPR,1993-04-06,119,80.22222222222223
MPR,1993-04-13,57,74.55555555555556
MPR,1993-04-20,72,71.88888888888889
MPR,1993-04-27,53,68
MPR,1993-05-04,68,60
MPR,1993-05-11,25,52.125
MPR,1993-05-18,75,47.125
MPR,1993-05-25,11,43.57142857142857
MPR,1993-06-01,NA,42
MPR,1993-06-08,56,55.33333333333333
MPR,1993-06-15,NA,61.4
MPR,1993-06-15,17,61.4
MPR,1993-06-22,NA,58
MPR,1993-06-29,NA,73.66666666666667
MPR,1993-07-06,148,56.75
MPR,1993-07-13,NA,57
MPR,1993-07-20,NA,64.66666666666667
MPR,1993-07-27,NA,63
MPR,1993-08-03,6,63
MPR,1993-08-10,NA,50.75
MPR,1993-08-17,40,51.8
MPR,1993-08-24,58,52.166666666666664
MPR,1993-08-31,NA,45.57142857142857
MPR,1993-09-07,99,47.42857142857143
MPR,1993-09-14,56,50.25
MPR,1993-09-21,54,46.25
MPR,1993-09-28,6,49.375
MPR,1993-10-05,19,49.111111111111114
MPR,1993-10-13,70,38.888888888888886
MPR,1993-10-19,8,38.55555555555556
MPR,1993-10-26,83,34.44444444444444
MPR,1993-11-02,47,35.888888888888886
MPR,1993-11-09,7,38
MPR,1993-11-16,53,35.75
MPR,1993-11-23,17,37.875
MPR,1993-11-30,19,31.428571428571427
MPR,1993-12-07,NA,28.833333333333332
MPR,1993-12-14,52,33.2
MPR,1993-12-21,25,28.25
MPR,1993-12-28,NA,32
MPR,1994-01-04,NA,27.333333333333332
MPR,1994-01-11,NA,22.75
MPR,1994-01-18,NA,13
MPR,1994-01-25,NA,6.333333333333333
MPR,1994-02-01,5,6.333333333333333
MPR,1994-02-08,9,6.333333333333333
MPR,1994-02-15,NA,6.333333333333333
MPR,1994-02-22,5,7
MPR,1994-03-01,NA,7
MPR,1994-03-08,NA,7.666666666666667
MPR,1994-03-15,NA,7
MPR,1994-03-22,9,7
MPR,1994-03-29,NA,14
MPR,1994-04-05,NA,18.333333333333332
MPR,1994-04-12,NA,18.5
MPR,1994-04-19,NA,18.4
MPR,1994-04-26,19,20.4
MPR,1994-05-03,27,21.833333333333332
MPR,1994-05-10,19,20.428571428571427
MPR,1994-05-17,18,19.75
MPR,1994-05-24,19,19.11111111111111
MPR,1994-05-31,29,19.125
MPR,1994-06-07,12,17.25
MPR,1994-06-14,15,19.625
MPR,1994-06-21,14,24.75
MPR,1994-06-28,NA,25.571428571428573
MPR,1994-07-05,12,25
MPR,1994-07-12,38,52.83333333333333
MPR,1994-07-19,59,60.4
MPR,1994-07-26,NA,72
MPR,1994-08-02,NA,72
MPR,1994-08-09,179,92
MPR,1994-08-16,NA,119
MPR,1994-08-23,NA,179
MPR,1994-08-30,NA,179
MPR,1994-09-06,NA,179
MPR,1994-09-13,NA,NA
MPR,1994-09-20,NA,NA
MPR,1994-09-27,NA,NA
MPR,1994-10-04,NA,NA
MPR,1994-10-11,NA,NA
MPR,1994-10-18,NA,NA
MPR,1994-10-25,NA,NA
MPR,1994-11-01,NA,80
MPR,1994-11-08,NA,43
MPR,1994-11-15,NA,43
MPR,1994-11-22,NA,43
MPR,1994-11-29,80,43
MPR,1994-12-06,6,43
MPR,1994-12-13,NA,43
MPR,1994-12-20,NA,43
MPR,1994-12-27,NA,43
