sample_id,sample_date,ca,mov_avg_ca
Q1,1988-01-05,4.06,3.1336363636363638
Q1,1988-01-12,4.08,3.2133333333333334
Q1,1988-01-19,4.16,3.276923076923077
Q1,1988-01-26,4.41,3.3564285714285713
Q1,1988-01-29,2.4,3.3564285714285713
Q1,1988-01-29,2.06,3.3564285714285713
Q1,1988-01-29,2.65,3.3564285714285713
Q1,1988-01-29,2.63,3.3564285714285713
Q1,1988-01-29,2.67,3.3564285714285713
Q1,1988-02-02,2.78,3.42
Q1,1988-02-02,2.57,3.42
Q1,1988-02-03,NA,3.42
Q1,1988-02-04,NA,3.42
Q1,1988-02-09,4.09,3.4086666666666665
Q1,1988-02-10,NA,3.4086666666666665
Q1,1988-02-16,4.04,3.4046666666666665
Q1,1988-02-23,4.39,3.397333333333333
Q1,1988-03-01,4.31,3.0741176470588236
Q1,1988-03-08,3.89,3.10375
Q1,1988-03-15,4.02,3.111875
Q1,1988-03-23,4.05,3.098125
Q1,1988-03-29,3.16,3.0925
Q1,1988-03-29,3.22,3.0925
Q1,1988-03-29,2.72,3.0925
Q1,1988-03-29,1.31,3.0925
Q1,1988-03-29,1.29,3.0925
Q1,1988-03-29,3.7,3.0925
Q1,1988-03-29,1.38,3.0925
Q1,1988-03-29,1.34,3.0925
Q1,1988-04-05,2.75,3.084375
Q1,1988-04-12,4.22,3.0376470588235294
Q1,1988-04-19,3.82,2.867058823529412
Q1,1988-04-26,4.3,2.7076470588235293
Q1,1988-05-03,4.18,3.1069999999999998
Q1,1988-05-10,3.6,3.19
Q1,1988-05-10,NA,3.19
Q1,1988-05-10,NA,3.19
Q1,1988-05-10,NA,3.19
Q1,1988-05-10,2.58,3.19
Q1,1988-05-17,1.12,3.121
Q1,1988-05-24,1.34,3.005
Q1,1988-05-31,3.16,3.0620000000000003
Q1,1988-06-07,3.58,2.9850000000000003
Q1,1988-06-14,3.53,2.95875
Q1,1988-06-21,2.66,3.1433333333333335
Q1,1988-06-28,4.87,3.2644444444444445
Q1,1988-07-05,3.41,3.3000000000000003
Q1,1988-07-12,NA,3.2977777777777777
Q1,1988-07-19,2.54,3.2933333333333334
Q1,1988-07-22,3.2,3.2933333333333334
Q1,1988-07-26,NA,2.770769230769231
Q1,1988-07-26,2.43,2.770769230769231
Q1,1988-08-02,3.48,2.649230769230769
Q1,1988-08-09,3.56,2.686923076923077
Q1,1988-08-16,3.49,2.545
Q1,1988-08-23,3.95,2.5876923076923077
Q1,1988-08-24,1.23,2.5876923076923077
Q1,1988-08-24,NA,2.5876923076923077
Q1,1988-08-24,1.79,2.5876923076923077
Q1,1988-08-24,0.75,2.5876923076923077
Q1,1988-08-24,1.32,2.5876923076923077
Q1,1988-08-30,3.29,2.7246153846153844
Q1,1988-09-06,3.9,2.6915384615384617
Q1,1988-09-13,0.7,2.8038461538461537
Q1,1988-09-20,3.75,2.7466666666666666
Q1,1988-09-27,4.21,3.48625
Q1,1988-10-04,3.05,3.61
Q1,1988-10-11,5.02,3.665
Q1,1988-10-18,NA,4.1049999999999995
Q1,1988-10-25,3.97,4.11375
Q1,1988-11-01,4.28,4.1125
Q1,1988-11-07,4.34,4.26125
Q1,1988-11-15,4.22,4.1625
Q1,1988-11-22,3.82,4.173333333333334
Q1,1988-11-29,4.2,4.193333333333333
Q1,1988-12-06,4.24,4.1825
Q1,1988-12-13,4.23,4.15125
Q1,1988-12-20,4.26,4.1775
Q1,1988-12-27,4.15,4.25
Q1,1989-01-03,NA,4.285
Q1,1989-01-10,4.09,4.3175
Q1,1989-01-17,4.43,4.32875
Q1,1989-01-24,4.4,4.31875
Q1,1989-01-31,4.48,4.2925
Q1,1989-02-07,4.5,4.292222222222223
Q1,1989-02-14,4.32,4.293333333333333
Q1,1989-02-21,4.18,4.251111111111111
Q1,1989-02-28,3.94,4.204444444444444
Q1,1989-03-07,4.29,4.096666666666667
Q1,1989-03-09,NA,4.096666666666667
Q1,1989-03-14,NA,4.073333333333333
Q1,1989-03-14,4.1,4.073333333333333
Q1,1989-03-21,4.05,4.14
Q1,1989-03-28,3.98,4.222222222222222
Q1,1989-04-04,3.51,4.335555555555556
Q1,1989-04-11,4.29,4.372222222222222
Q1,1989-04-18,4.92,4.444444444444445
Q1,1989-04-25,4.92,4.528888888888889
Q1,1989-05-02,4.96,4.613333333333333
Q1,1989-05-09,4.62,4.803333333333334
Q1,1989-05-16,4.75,4.863333333333333
Q1,1989-05-23,4.81,4.794444444444444
Q1,1989-05-30,4.74,4.751111111111111
Q1,1989-06-06,5.22,4.466666666666667
Q1,1989-06-13,4.83,4.514444444444444
Q1,1989-06-20,4.3,4.5344444444444445
Q1,1989-06-27,4.53,4.49
Q1,1989-07-05,2.4,4.441111111111111
Q1,1989-07-11,5.05,4.373333333333333
Q1,1989-07-18,4.93,4.333333333333333
Q1,1989-07-26,4.41,3.991111111111111
Q1,1989-08-01,4.3,3.9899999999999998
Q1,1989-08-08,4.61,4.251111111111111
Q1,1989-08-15,4.47,4.158888888888889
Q1,1989-08-22,1.22,4.042222222222222
Q1,1989-08-29,4.52,3.98
Q1,1989-09-05,4.75,3.9739999999999998
Q1,1989-09-12,4.22,3.944
Q1,1989-09-20,NA,3.939
Q1,1989-09-22,3.88,3.939
Q1,1989-09-26,3.93,4.265
Q1,1989-09-26,3.9,4.265
Q1,1989-10-03,4.24,4.227
Q1,1989-10-05,NA,4.227
Q1,1989-10-10,4.31,4.182727272727273
Q1,1989-10-17,4.42,4.1909090909090905
Q1,1989-10-24,4.48,4.2290909090909095
Q1,1989-10-31,4.14,4.421
Q1,1989-11-07,4.25,4.566
Q1,1989-11-08,4.24,4.566
Q1,1989-11-14,4.31,4.726
Q1,1989-11-21,4.3,4.888
Q1,1989-11-28,5.52,5.118
Q1,1989-12-05,5.69,5.219
Q1,1989-12-12,5.91,5.511111111111111
Q1,1989-12-19,6.04,5.713333333333334
Q1,1989-12-26,6.78,5.8566666666666665
Q1,1990-01-02,5.15,5.911111111111111
Q1,1990-01-09,5.9,5.947777777777778
Q1,1990-01-16,6.13,5.958888888888889
Q1,1990-01-23,5.59,5.937777777777778
Q1,1990-01-30,6.01,5.847777777777778
Q1,1990-02-06,6.02,5.952222222222222
Q1,1990-02-13,6.01,5.635555555555555
Q1,1990-02-20,5.85,5.5744444444444445
Q1,1990-02-27,5.97,5.546666666666667
Q1,1990-03-06,6.09,5.4944444444444445
Q1,1990-03-13,3.05,5.475555555555555
Q1,1990-03-20,5.58,5.453333333333333
Q1,1990-03-27,5.34,4.291538461538462
Q1,1990-04-03,5.54,4.291538461538462
Q1,1990-04-10,5.85,4.1207142857142856
Q1,1990-04-17,5.81,4.29
Q1,1990-04-24,5.96,4.308571428571429
Q1,1990-04-25,0.66,4.308571428571429
Q1,1990-04-25,0.88,4.308571428571429
Q1,1990-04-25,0.83,4.308571428571429
Q1,1990-04-26,4.23,4.308571428571429
Q1,1990-05-01,5.97,4.312857142857143
Q1,1990-05-08,5.48,4.292142857142857
Q1,1990-05-10,2.51,4.292142857142857
Q1,1990-05-15,5.42,4.285
Q1,1990-05-22,5.84,4.267142857142857
Q1,1990-05-29,5.4,5.225
Q1,1990-06-05,5.25,5.267
Q1,1990-06-12,5.75,5.624444444444444
Q1,1990-06-19,5.56,5.708888888888889
Q1,1990-06-26,5.07,5.407777777777778
Q1,1990-07-03,6.39,5.4944444444444445
Q1,1990-07-10,5.94,5.62
Q1,1990-07-17,6.18,5.5088888888888885
Q1,1990-07-24,3.13,5.572222222222222
Q1,1990-07-31,6.18,5.68
Q1,1990-08-07,6.38,5.6433333333333335
Q1,1990-08-14,4.75,5.664444444444444
Q1,1990-08-21,6.13,5.631111111111111
Q1,1990-08-28,6.04,5.973333333333334
Q1,1990-09-04,6.06,5.841111111111111
Q1,1990-09-11,6.13,5.76
Q1,1990-09-18,5.88,5.848888888888889
Q1,1990-09-25,6.21,5.7444444444444445
Q1,1990-10-02,4.99,5.366666666666667
Q1,1990-10-09,5.65,5.207777777777778
Q1,1990-10-16,5.55,5.087777777777778
Q1,1990-10-23,5.19,4.993333333333333
Q1,1990-10-30,2.64,4.825555555555556
Q1,1990-11-06,4.63,4.603
Q1,1990-11-13,5.05,4.449090909090909
Q1,1990-11-20,5.03,4.457272727272727
Q1,1990-11-27,4.7,4.499090909090909
Q1,1990-12-04,2.65,4.619090909090909
Q1,1990-12-04,4.94,4.619090909090909
Q1,1990-12-11,5.69,4.642727272727273
Q1,1990-12-14,2.87,4.642727272727273
Q1,1990-12-18,5.64,4.8
Q1,1990-12-25,5.65,4.88
Q1,1990-12-31,3.96,5.014545454545455
Q1,1991-01-08,4.89,5.297
Q1,1991-01-15,6.78,5.644444444444445
Q1,1991-01-22,5.91,5.492222222222222
Q1,1991-01-29,6.18,5.461111111111111
Q1,1991-02-05,5.4,5.683333333333334
Q1,1991-02-12,6.39,5.7844444444444445
Q1,1991-02-19,4.27,5.708888888888889
Q1,1991-02-26,5.37,5.701111111111111
Q1,1991-03-05,5.96,5.68
Q1,1991-03-12,5.8,5.701111111111111
Q1,1991-03-19,6.1,5.5744444444444445
Q1,1991-03-22,NA,5.5744444444444445
Q1,1991-03-26,5.84,5.7122222222222225
Q1,1991-04-02,5.99,5.463333333333333
Q1,1991-04-09,5.59,5.4255555555555555
Q1,1991-04-15,5.25,5.421111111111111
Q1,1991-04-23,5.51,5.343333333333334
Q1,1991-04-30,3.13,5.272
Q1,1991-05-07,5.62,5.199
Q1,1991-05-14,5.76,5.176
Q1,1991-05-21,5.4,5.187
Q1,1991-05-28,5.26,5.15
Q1,1991-05-31,5.21,5.15
Q1,1991-06-01,NA,5.338
Q1,1991-06-04,5.26,5.338
Q1,1991-06-11,5.36,5.304
Q1,1991-06-18,5.36,5.314
Q1,1991-06-25,5.14,5.3629999999999995
Q1,1991-07-02,5.01,5.446666666666666
Q1,1991-07-09,5.28,5.536666666666667
Q1,1991-07-16,5.86,5.622222222222223
Q1,1991-07-23,5.89,5.812222222222222
Q1,1991-07-30,5.86,5.5440000000000005
Q1,1991-08-06,6.07,5.57
Q1,1991-08-13,6.13,6.252
Q1,1991-08-20,7.07,6.164
Q1,1991-08-27,5.41,6.135
Q1,1991-08-27,2.86,6.135
Q1,1991-09-03,5.27,6.036
Q1,1991-09-10,12.1,5.944
Q1,1991-09-17,4.98,5.84
Q1,1991-09-24,5.6,5.655
Q1,1991-10-01,4.87,5.897777777777778
Q1,1991-10-08,5.15,5.128181818181818
Q1,1991-10-15,5.09,4.509090909090909
Q1,1991-10-22,5.22,4.400833333333333
Q1,1991-10-29,4.8,4.314166666666667
Q1,1991-11-05,4.88,4.21
Q1,1991-11-07,1.55,4.21
Q1,1991-11-08,2.17,4.21
Q1,1991-11-12,5.29,4.181666666666667
Q1,1991-11-18,6.25,4.1425
Q1,1991-11-22,1.94,4.274615384615385
Q1,1991-11-26,4.56,4.195833333333333
Q1,1991-12-03,3.62,4.28
Q1,1991-12-10,4.81,4.758
Q1,1991-12-17,4.62,4.788
Q1,1991-12-23,5.86,4.731
Q1,1991-12-30,5.81,5.142222222222222
Q1,1992-01-07,4.82,4.9479999999999995
Q1,1992-01-14,5.59,4.944
Q1,1992-01-21,5.68,5.06
Q1,1992-01-28,5.47,5.0489999999999995
Q1,1992-02-04,2.81,5.316
Q1,1992-02-06,4.01,5.316
Q1,1992-02-11,4.77,5.345
Q1,1992-02-18,5.78,5.394
Q1,1992-02-25,5.75,5.376
Q1,1992-03-03,8.48,5.277
Q1,1992-03-10,5.11,6.08
Q1,1992-03-17,6.08,6.19
Q1,1992-03-24,5.5,6.308888888888889
Q1,1992-04-01,4.48,6.141111111111111
Q1,1992-04-07,8.77,5.79
Q1,1992-04-14,5.76,5.848888888888889
Q1,1992-04-21,6.85,5.762222222222222
Q1,1992-04-28,4.24,5.618888888888889
Q1,1992-05-05,5.32,5.37
Q1,1992-05-12,5.64,4.986666666666666
Q1,1992-05-19,5.3,4.628888888888889
Q1,1992-05-26,4.21,4.303333333333334
Q1,1992-06-02,2.24,4.442222222222222
Q1,1992-06-09,5.32,4.471111111111111
Q1,1992-06-16,2.54,4.5488888888888885
Q1,1992-06-23,3.92,4.595555555555555
Q1,1992-06-30,5.49,4.7877777777777775
Q1,1992-07-07,5.58,5.21
Q1,1992-07-14,6.34,4.958888888888889
Q1,1992-07-21,5.72,5.341111111111111
Q1,1992-07-28,5.94,5.6066666666666665
Q1,1992-08-04,6.04,5.72
Q1,1992-08-11,3.06,5.571111111111112
Q1,1992-08-18,5.98,5.753333333333334
Q1,1992-08-25,6.31,5.676666666666667
Q1,1992-09-01,6.51,5.694444444444445
Q1,1992-09-08,4.24,5.734444444444445
Q1,1992-09-15,7.98,6.211111111111111
Q1,1992-09-22,5.03,6.231111111111111
Q1,1992-09-29,6.1,6.2
Q1,1992-10-06,6.4,6.084444444444444
Q1,1992-10-13,7.35,6.011111111111111
Q1,1992-10-20,6.16,5.46
Q1,1992-10-27,6.03,5.49
Q1,1992-11-03,5.47,5.384444444444444
Q1,1992-11-10,3.58,5.2411111111111115
Q1,1992-11-17,3.02,4.865555555555556
Q1,1992-11-24,5.3,4.695555555555556
Q1,1992-12-01,5.15,4.543333333333333
Q1,1992-12-08,5.11,4.725555555555555
Q1,1992-12-15,3.97,4.902222222222222
Q1,1992-12-22,NA,5.042222222222223
Q1,1992-12-22,NA,5.042222222222223
Q1,1992-12-22,4.63,5.042222222222223
Q1,1992-12-29,4.66,4.898888888888889
Q1,1993-01-05,7.11,4.845555555555555
Q1,1993-01-12,5.17,4.808888888888889
Q1,1993-01-19,4.28,4.905555555555556
Q1,1993-01-26,4.01,4.921111111111111
Q1,1993-02-02,4.67,4.975555555555555
Q1,1993-02-09,4.78,4.945555555555556
Q1,1993-02-16,4.84,4.886666666666667
Q1,1993-02-23,4.77,5.01
Q1,1993-03-02,5.15,5.518888888888889
Q1,1993-03-09,6.84,5.72
Q1,1993-03-16,4.64,5.986666666666666
Q1,1993-03-23,5.39,6.26
Q1,1993-03-30,8.59,5.858888888888889
Q1,1993-04-06,6.48,5.795555555555556
Q1,1993-04-13,7.18,5.481111111111111
Q1,1993-04-20,7.3,5.497777777777777
Q1,1993-04-27,1.16,5.6755555555555555
Q1,1993-05-04,4.58,5.472222222222222
Q1,1993-05-11,4.01,5.415555555555556
Q1,1993-05-18,4.79,5.2588888888888885
Q1,1993-05-25,6.99,4.952222222222222
Q1,1993-06-01,6.76,5.426666666666667
Q1,1993-06-08,5.97,5.611111111111111
Q1,1993-06-15,5.77,5.747777777777777
Q1,1993-06-22,4.54,5.863333333333333
Q1,1993-06-29,5.43,5.665555555555556
Q1,1993-07-06,6.24,5.5377777777777775
Q1,1993-07-13,5.24,5.483333333333333
Q1,1993-07-20,5.83,5.483333333333333
Q1,1993-07-27,5.21,5.564444444444445
Q1,1993-08-03,5.61,5.545555555555556
Q1,1993-08-10,5.48,5.467777777777778
Q1,1993-08-17,5.77,5.775555555555555
Q1,1993-08-24,5.27,5.792222222222223
Q1,1993-08-31,5.26,5.684444444444445
Q1,1993-09-07,5.54,5.731111111111111
Q1,1993-09-14,8.01,5.704444444444444
Q1,1993-09-21,5.98,5.705555555555556
Q1,1993-09-28,4.24,5.756666666666667
Q1,1993-10-05,6.03,5.890000000000001
Q1,1993-10-13,5.24,5.921111111111111
Q1,1993-10-19,5.78,5.566666666666667
Q1,1993-10-26,5.73,5.767777777777778
Q1,1993-11-02,6.46,5.802222222222222
Q1,1993-11-09,5.82,5.764444444444445
Q1,1993-11-16,4.82,5.831111111111111
Q1,1993-11-23,7.79,5.94
Q1,1993-11-30,4.55,5.803333333333334
Q1,1993-12-07,5.69,5.892222222222222
Q1,1993-12-14,5.84,5.688888888888889
Q1,1993-12-21,6.76,5.721111111111111
Q1,1993-12-28,4.5,5.482222222222222
Q1,1994-01-04,7.26,5.43
Q1,1994-01-11,3.99,5.407777777777778
Q1,1994-01-18,5.11,5.3133333333333335
Q1,1994-01-25,5.64,5.051111111111111
Q1,1994-02-01,4.08,5.177777777777778
Q1,1994-02-08,5.49,5.046666666666667
Q1,1994-02-15,4.99,5.302222222222222
Q1,1994-02-22,4.4,5.427777777777778
Q1,1994-03-01,5.64,5.545555555555556
Q1,1994-03-08,6.08,5.7811111111111115
Q1,1994-03-15,6.29,5.837777777777778
Q1,1994-03-22,6.24,5.968888888888889
Q1,1994-03-29,6.7,6.221111111111111
Q1,1994-04-05,6.2,6.312222222222222
Q1,1994-04-12,6,6.228888888888889
Q1,1994-04-19,6.17,6.14
Q1,1994-04-26,6.67,6.182222222222222
Q1,1994-05-03,6.46,6.293333333333333
Q1,1994-05-10,5.33,6.366666666666667
Q1,1994-05-17,5.49,6.561111111111111
Q1,1994-05-24,6.62,6.6466666666666665
Q1,1994-05-31,7.7,6.372
Q1,1994-06-07,6.86,6.363
Q1,1994-06-14,7.75,6.628
Q1,1994-06-21,6.94,6.785
Q1,1994-06-28,6.22,6.746
Q1,1994-06-30,4.35,6.746
Q1,1994-07-05,6.37,6.551
Q1,1994-07-12,7.98,6.431
Q1,1994-07-19,7.06,6.25
Q1,1994-07-26,6.23,6.196
Q1,1994-08-02,5.75,6.7011111111111115
Q1,1994-08-09,5.66,6.734444444444445
Q1,1994-08-16,5.94,6.5311111111111115
Q1,1994-08-23,6.4,6.015555555555555
Q1,1994-08-30,8.92,6.04
Q1,1994-09-06,6.67,6.113333333333333
Q1,1994-09-13,6.15,6.195555555555556
Q1,1994-09-20,2.42,6.268888888888889
Q1,1994-09-27,6.45,6.12
Q1,1994-10-04,6.41,5.864444444444445
Q1,1994-10-11,6.4,5.543333333333333
Q1,1994-10-18,6.6,5.558888888888889
Q1,1994-10-25,5.06,5.921111111111111
Q1,1994-11-01,6.62,5.804444444444444
Q1,1994-11-08,3.78,5.5
Q1,1994-11-15,6.29,5.428888888888888
Q1,1994-11-22,5.68,5.565555555555555
Q1,1994-11-29,5.4,5.645555555555555
Q1,1994-12-06,3.67,5.52375
Q1,1994-12-13,5.76,5.772857142857143
Q1,1994-12-20,7.83,5.6866666666666665
Q1,1994-12-27,5.78,5.688
Q2,1988-01-05,5.01,4.311333333333334
Q2,1988-01-12,5.27,4.311333333333334
Q2,1988-01-19,5.28,4.3237499999999995
Q2,1988-01-26,5.52,4.37235294117647
Q2,1988-01-29,4.05,4.37235294117647
Q2,1988-01-29,3.66,4.37235294117647
Q2,1988-01-29,3.75,4.37235294117647
Q2,1988-01-29,3.45,4.37235294117647
Q2,1988-01-29,3.96,4.37235294117647
Q2,1988-01-29,4.07,4.37235294117647
Q2,1988-01-29,3.54,4.37235294117647
Q2,1988-01-29,4.07,4.37235294117647
Q2,1988-02-02,3.6,4.415555555555556
Q2,1988-02-02,4.02,4.415555555555556
Q2,1988-02-03,5.42,4.415555555555556
Q2,1988-02-04,NA,4.415555555555556
Q2,1988-02-09,NA,4.41
Q2,1988-02-10,NA,4.41
Q2,1988-02-16,4.51,4.389444444444445
Q2,1988-02-23,5.15,4.192222222222222
Q2,1988-03-01,5.15,4.29
Q2,1988-03-08,4.91,4.33875
Q2,1988-03-15,4.9,4.386666666666667
Q2,1988-03-23,1.73,4.335555555555556
Q2,1988-03-29,3.51,4.288888888888889
Q2,1988-04-05,4.85,4.243333333333333
Q2,1988-04-12,4.77,4.011
Q2,1988-04-19,4.05,3.657
Q2,1988-04-26,4.73,3.91
Q2,1988-05-03,4.74,3.917
Q2,1988-05-10,NA,3.868
Q2,1988-05-10,NA,3.868
Q2,1988-05-10,NA,3.868
Q2,1988-05-10,2.48,3.868
Q2,1988-05-10,4.35,3.868
Q2,1988-05-17,1.36,3.803
Q2,1988-05-24,4.26,3.746
Q2,1988-05-31,3.58,3.678
Q2,1988-06-07,4.36,3.587
Q2,1988-06-14,4.12,3.73
Q2,1988-06-21,3.48,3.937
Q2,1988-06-28,4.05,3.7809090909090908
Q2,1988-07-05,3.83,3.5754545454545457
Q2,1988-07-12,4.53,3.561818181818182
Q2,1988-07-19,3.36,3.541818181818182
Q2,1988-07-22,3.8,3.541818181818182
Q2,1988-07-26,3.38,3.302
Q2,1988-07-26,3.1,3.302
Q2,1988-08-02,1.32,3.36
Q2,1988-08-09,4.21,3.446
Q2,1988-08-16,3.9,3.4273333333333333
Q2,1988-08-23,4.35,3.4985714285714287
Q2,1988-08-24,3.44,3.4985714285714287
Q2,1988-08-24,2.75,3.4985714285714287
Q2,1988-08-24,2.47,3.4985714285714287
Q2,1988-08-24,1.04,3.4985714285714287
Q2,1988-08-24,NA,3.4985714285714287
Q2,1988-08-30,4.92,3.636923076923077
Q2,1988-09-06,5.12,3.836153846153846
Q2,1988-09-13,4.25,3.805
Q2,1988-09-20,4.73,3.7963636363636364
Q2,1988-09-27,4.78,4.68
Q2,1988-10-04,3.91,4.534285714285715
Q2,1988-10-11,NA,4.55
Q2,1988-10-18,NA,4.654285714285715
Q2,1988-10-25,5.05,4.674285714285714
Q2,1988-11-01,3.9,4.591428571428572
Q2,1988-11-07,5.23,4.598571428571429
Q2,1988-11-15,4.98,4.18625
Q2,1988-11-22,4.87,4.171111111111111
Q2,1988-11-29,4.2,4.188888888888889
Q2,1988-12-06,3.96,4.195555555555556
Q2,1988-12-13,1.3,4.161111111111111
Q2,1988-12-20,4.05,4.044444444444444
Q2,1988-12-27,5.21,3.9566666666666666
Q2,1989-01-03,3.96,3.9433333333333334
Q2,1989-01-10,4.92,4.067777777777778
Q2,1989-01-17,3.93,4.488888888888889
Q2,1989-01-24,4.08,4.555555555555555
Q2,1989-01-31,4.08,4.486666666666666
Q2,1989-02-07,5.08,4.6066666666666665
Q2,1989-02-14,5.09,4.592222222222222
Q2,1989-02-21,4.65,4.673333333333334
Q2,1989-02-28,4.59,4.737777777777778
Q2,1989-03-07,5.04,4.743333333333333
Q2,1989-03-09,NA,4.743333333333333
Q2,1989-03-14,NA,4.728888888888889
Q2,1989-03-14,4.79,4.728888888888889
Q2,1989-03-21,4.66,4.62
Q2,1989-03-28,4.66,4.57
Q2,1989-04-04,4.13,4.53
Q2,1989-04-11,4.95,4.536666666666667
Q2,1989-04-18,4.11,4.467777777777778
Q2,1989-04-25,4.2,4.44
Q2,1989-05-02,4.23,4.392222222222222
Q2,1989-05-09,5.1,4.426666666666667
Q2,1989-05-16,4.17,4.453333333333333
Q2,1989-05-23,4.41,4.58
Q2,1989-05-30,4.23,4.637777777777778
Q2,1989-06-06,4.44,4.498888888888889
Q2,1989-06-13,5.19,4.495555555555556
Q2,1989-06-20,5.25,4.615555555555556
Q2,1989-06-27,4.72,4.684444444444445
Q2,1989-07-05,2.98,4.76
Q2,1989-07-11,5.07,4.844444444444445
Q2,1989-07-18,5.25,4.828888888888889
Q2,1989-07-26,5.03,4.605555555555556
Q2,1989-08-01,4.91,4.640000000000001
Q2,1989-08-08,5.2,4.926666666666667
Q2,1989-08-15,5.05,4.945555555555556
Q2,1989-08-22,3.24,4.905555555555556
Q2,1989-08-29,5.03,4.947
Q2,1989-09-05,5.56,5.005
Q2,1989-09-12,5.24,5.036
Q2,1989-09-20,NA,5.094
Q2,1989-09-22,4.89,5.094
Q2,1989-09-26,5.15,5.341
Q2,1989-09-26,5.2,5.341
Q2,1989-10-03,5.49,5.4399999999999995
Q2,1989-10-05,NA,5.4399999999999995
Q2,1989-10-10,5.51,5.418181818181818
Q2,1989-10-17,5.63,5.419090909090909
Q2,1989-10-24,5.71,5.465454545454546
Q2,1989-10-31,6.02,5.663
Q2,1989-11-07,5.31,5.791
Q2,1989-11-08,5.45,5.791
Q2,1989-11-14,5.25,5.925
Q2,1989-11-21,5.4,6.053
Q2,1989-11-28,6.86,6.071
Q2,1989-12-05,6.77,6.153
Q2,1989-12-12,6.85,6.3244444444444445
Q2,1989-12-19,6.91,6.4911111111111115
Q2,1989-12-26,5.89,6.613333333333333
Q2,1990-01-02,6.84,6.591111111111111
Q2,1990-01-09,6.15,6.594444444444444
Q2,1990-01-16,6.75,6.588888888888889
Q2,1990-01-23,6.5,6.561111111111111
Q2,1990-01-30,6.66,6.677777777777778
Q2,1990-02-06,6.8,6.702222222222222
Q2,1990-02-13,6.8,6.497777777777777
Q2,1990-02-20,6.66,6.502222222222223
Q2,1990-02-27,6.94,6.53
Q2,1990-03-06,7.06,6.568888888888889
Q2,1990-03-13,4.31,6.625555555555556
Q2,1990-03-20,6.79,6.666666666666667
Q2,1990-03-27,6.75,5.243076923076923
Q2,1990-04-03,7.01,5.222307692307692
Q2,1990-04-10,7.31,5.115714285714286
Q2,1990-04-17,7.17,5.283571428571428
Q2,1990-04-24,7.25,5.307857142857143
Q2,1990-04-25,0.79,5.307857142857143
Q2,1990-04-25,1.03,5.307857142857143
Q2,1990-04-25,1.17,5.307857142857143
Q2,1990-04-26,4.58,5.307857142857143
Q2,1990-05-01,6.67,5.1971428571428575
Q2,1990-05-08,6.8,5.183571428571429
Q2,1990-05-10,3.99,5.183571428571429
Q2,1990-05-15,6.66,5.160714285714286
Q2,1990-05-22,7.13,5.132857142857143
Q2,1990-05-29,5.2,6.3100000000000005
Q2,1990-06-05,6.82,6.397
Q2,1990-06-12,6.99,6.714444444444444
Q2,1990-06-19,6.78,6.843333333333334
Q2,1990-06-26,6.06,6.506666666666667
Q2,1990-07-03,7.54,6.776666666666666
Q2,1990-07-10,7.25,6.93
Q2,1990-07-17,7.82,6.761111111111111
Q2,1990-07-24,4.1,6.8244444444444445
Q2,1990-07-31,7.63,6.96
Q2,1990-08-07,8.2,7.045555555555556
Q2,1990-08-14,5.47,7.058888888888889
Q2,1990-08-21,7.35,6.985555555555555
Q2,1990-08-28,7.28,7.355555555555555
Q2,1990-09-04,8.31,7.187777777777778
Q2,1990-09-11,7.37,7.002222222222223
Q2,1990-09-18,7.16,7.135555555555555
Q2,1990-09-25,7.43,7.035555555555556
Q2,1990-10-02,6.12,6.592222222222222
Q2,1990-10-09,6.53,6.1322222222222225
Q2,1990-10-16,6.67,6.047777777777778
Q2,1990-10-23,6.45,6.023333333333333
Q2,1990-10-30,3.29,5.974444444444445
Q2,1990-11-06,4.17,5.773
Q2,1990-11-13,6.61,5.8136363636363635
Q2,1990-11-20,6.94,5.877272727272727
Q2,1990-11-27,6.99,5.9363636363636365
Q2,1990-12-04,3.8,6.1054545454545455
Q2,1990-12-04,6.28,6.1054545454545455
Q2,1990-12-11,7.42,6.368181818181818
Q2,1990-12-14,5.33,6.368181818181818
Q2,1990-12-18,7.37,6.409090909090909
Q2,1990-12-25,7.1,6.456363636363636
Q2,1990-12-31,5.15,6.463636363636364
Q2,1991-01-08,7.06,6.782
Q2,1991-01-15,7.06,6.943333333333333
Q2,1991-01-22,7.46,6.742222222222222
Q2,1991-01-29,7.07,6.698888888888889
Q2,1991-02-05,6.8,6.883333333333333
Q2,1991-02-12,7.42,6.865555555555556
Q2,1991-02-19,5.56,6.881111111111111
Q2,1991-02-26,6.71,6.832222222222222
Q2,1991-03-05,6.81,6.831111111111111
Q2,1991-03-12,6.9,6.815555555555555
Q2,1991-03-19,7.2,6.666666666666667
Q2,1991-03-22,NA,6.666666666666667
Q2,1991-03-26,7.02,6.7844444444444445
Q2,1991-04-02,7.06,6.4944444444444445
Q2,1991-04-09,6.66,6.08
Q2,1991-04-15,6.08,5.662222222222222
Q2,1991-04-23,6.62,5.273333333333333
Q2,1991-04-30,4.1,4.717
Q2,1991-05-07,3.08,4.325
Q2,1991-05-14,3.14,4.025
Q2,1991-05-21,3.7,3.777
Q2,1991-05-28,3.71,3.432
Q2,1991-05-31,3.02,3.432
Q2,1991-06-01,NA,3.349
Q2,1991-06-04,3.14,3.349
Q2,1991-06-11,3.66,3.356
Q2,1991-06-18,3.6,3.7439999999999998
Q2,1991-06-25,3.17,4.082
Q2,1991-07-02,3.27,4.555555555555555
Q2,1991-07-09,3.15,4.952222222222222
Q2,1991-07-16,7.02,5.316666666666666
Q2,1991-07-23,7.08,5.764444444444444
Q2,1991-07-30,6.91,5.585
Q2,1991-08-06,6.71,6.159
Q2,1991-08-13,6.94,6.671
Q2,1991-08-20,7.63,6.536
Q2,1991-08-27,6.22,6.528
Q2,1991-08-27,0.92,6.528
Q2,1991-09-03,9.01,6.3549999999999995
Q2,1991-09-10,8.27,6.227
Q2,1991-09-17,5.67,6.027
Q2,1991-09-24,7,5.742
Q2,1991-10-01,5.18,6.124444444444444
Q2,1991-10-08,5.43,4.933636363636364
Q2,1991-10-15,4.94,4.665454545454545
Q2,1991-10-22,4.78,4.645833333333333
Q2,1991-10-29,4.84,4.525
Q2,1991-11-05,3.31,4.4383333333333335
Q2,1991-11-07,2.38,4.4383333333333335
Q2,1991-11-08,2.47,4.4383333333333335
Q2,1991-11-12,5.32,4.5
Q2,1991-11-18,7.67,4.571666666666666
Q2,1991-11-22,2.43,4.760769230769231
Q2,1991-11-26,5.55,4.759166666666666
Q2,1991-12-03,4.14,4.810833333333333
Q2,1991-12-10,6.17,5.423
Q2,1991-12-17,5.8,5.524
Q2,1991-12-23,7.03,5.448
Q2,1991-12-30,5.46,5.9655555555555555
Q2,1992-01-07,4.66,5.837
Q2,1992-01-14,6.33,5.822
Q2,1992-01-21,6.91,5.949
Q2,1992-01-28,7.19,6.0040000000000004
Q2,1992-02-04,3.42,5.989
Q2,1992-02-06,5.4,5.989
Q2,1992-02-11,6.02,6.167
Q2,1992-02-18,7.07,6.154
Q2,1992-02-25,7.58,6.08
Q2,1992-03-03,5.31,5.889
Q2,1992-03-10,6.44,6.188888888888889
Q2,1992-03-17,6.2,5.957777777777778
Q2,1992-03-24,6.17,5.852222222222222
Q2,1992-04-01,5.28,5.7122222222222225
Q2,1992-04-07,5.63,5.588888888888889
Q2,1992-04-14,3.94,5.578888888888889
Q2,1992-04-21,6.12,5.587777777777778
Q2,1992-04-28,6.32,5.455555555555556
Q2,1992-05-05,4.2,5.217777777777778
Q2,1992-05-12,6.35,5.344444444444444
Q2,1992-05-19,6.28,5.413333333333333
Q2,1992-05-26,4.98,5.24
Q2,1992-06-02,3.14,5.404444444444445
Q2,1992-06-09,6.77,5.737777777777778
Q2,1992-06-16,4.56,5.894444444444444
Q2,1992-06-23,4.56,5.958888888888889
Q2,1992-06-30,7.8,6.188888888888889
Q2,1992-07-07,7.2,6.64
Q2,1992-07-14,7.76,6.378888888888889
Q2,1992-07-21,6.86,6.685555555555555
Q2,1992-07-28,7.05,6.88
Q2,1992-08-04,7.2,6.92
Q2,1992-08-11,4.42,6.753333333333333
Q2,1992-08-18,7.32,6.61
Q2,1992-08-25,6.31,6.593333333333334
Q2,1992-09-01,8.16,6.444444444444445
Q2,1992-09-08,5.7,6.366666666666666
Q2,1992-09-15,6.47,6.644444444444445
Q2,1992-09-22,6.71,6.593333333333334
Q2,1992-09-29,5.71,6.641111111111111
Q2,1992-10-06,6.5,6.403333333333333
Q2,1992-10-13,6.92,6.2988888888888885
Q2,1992-10-20,6.86,5.955555555555556
Q2,1992-10-27,6.74,5.907777777777778
Q2,1992-11-03,6.02,5.905555555555556
Q2,1992-11-10,4.76,5.898888888888889
Q2,1992-11-17,3.38,5.932222222222222
Q2,1992-11-24,6.28,5.805555555555555
Q2,1992-12-01,5.69,5.694444444444445
Q2,1992-12-08,6.44,5.848888888888889
Q2,1992-12-15,7.22,6.001111111111111
Q2,1992-12-22,NA,6.344444444444444
Q2,1992-12-22,5.72,6.344444444444444
Q2,1992-12-29,5.74,6.2844444444444445
Q2,1993-01-05,7.41,6.345555555555555
Q2,1993-01-12,6.13,6.286666666666667
Q2,1993-01-19,6.47,6.383333333333334
Q2,1993-01-26,5.74,6.444444444444445
Q2,1993-02-02,6.24,6.49
Q2,1993-02-09,5.91,6.373333333333333
Q2,1993-02-16,8.09,6.28
Q2,1993-02-23,6.27,6.22
Q2,1993-03-02,6.15,6.693333333333333
Q2,1993-03-09,6.36,6.855555555555555
Q2,1993-03-16,5.29,7.028888888888889
Q2,1993-03-23,5.93,6.8566666666666665
Q2,1993-03-30,10,6.502222222222223
Q2,1993-04-06,7.7,6.347777777777778
Q2,1993-04-13,7.47,6.122222222222222
Q2,1993-04-20,6.54,6.101111111111111
Q2,1993-04-27,3.08,6.071111111111111
Q2,1993-05-04,4.76,5.627777777777777
Q2,1993-05-11,4.33,5.665555555555556
Q2,1993-05-18,5.1,5.476666666666667
Q2,1993-05-25,5.66,5.6
Q2,1993-06-01,6.01,5.96
Q2,1993-06-08,8.04,6.171111111111111
Q2,1993-06-15,5.77,6.346666666666667
Q2,1993-06-15,NA,6.346666666666667
Q2,1993-06-22,7.65,7.011111111111111
Q2,1993-06-29,6.32,7.083333333333333
Q2,1993-07-06,6.66,7.156666666666666
Q2,1993-07-13,5.91,7.022222222222222
Q2,1993-07-20,11.08,7.162222222222223
Q2,1993-07-27,6.31,7.242222222222222
Q2,1993-08-03,6.67,7.2
Q2,1993-08-10,6.83,7.205555555555556
Q2,1993-08-17,7.03,7.174444444444444
Q2,1993-08-24,8.37,6.6899999999999995
Q2,1993-08-31,5.94,6.608888888888889
Q2,1993-09-07,6.71,6.583333333333333
Q2,1993-09-14,5.63,6.525555555555555
Q2,1993-09-21,6.72,6.446666666666666
Q2,1993-09-28,5.58,6.362222222222222
Q2,1993-10-05,6.44,6.433333333333334
Q2,1993-10-13,6.31,6.414444444444444
Q2,1993-10-19,6.32,6.446666666666666
Q2,1993-10-26,7.61,6.644444444444445
Q2,1993-11-02,6.58,6.628888888888889
Q2,1993-11-09,6.54,6.583333333333333
Q2,1993-11-16,5.92,6.611111111111112
Q2,1993-11-23,8.5,6.57
Q2,1993-11-30,5.44,6.594444444444444
Q2,1993-12-07,6.03,6.514444444444445
Q2,1993-12-14,6.56,6.371111111111111
Q2,1993-12-21,5.95,6.355555555555556
Q2,1993-12-28,7.83,6.1000000000000005
Q2,1994-01-04,5.86,6.1033333333333335
Q2,1994-01-11,5.25,6.032222222222222
Q2,1994-01-18,5.78,5.996666666666667
Q2,1994-01-25,6.2,5.931111111111111
Q2,1994-02-01,5.47,5.67
Q2,1994-02-08,5.39,5.762222222222222
Q2,1994-02-15,6.24,5.916666666666667
Q2,1994-02-22,5.36,6.094444444444444
Q2,1994-03-01,5.48,6.2122222222222225
Q2,1994-03-08,6.69,6.415555555555556
Q2,1994-03-15,6.64,6.5488888888888885
Q2,1994-03-22,7.38,6.587777777777778
Q2,1994-03-29,7.26,6.767777777777778
Q2,1994-04-05,7.3,6.952222222222222
Q2,1994-04-12,6.59,6.854444444444444
Q2,1994-04-19,6.59,6.77
Q2,1994-04-26,6.98,6.702222222222222
Q2,1994-05-03,7.14,6.887777777777778
Q2,1994-05-10,5.81,6.905555555555555
Q2,1994-05-17,5.88,6.945
Q2,1994-05-24,6.77,6.95875
Q2,1994-05-31,8.93,6.631111111111111
Q2,1994-06-07,7.46,6.533333333333333
Q2,1994-06-14,NA,6.62375
Q2,1994-06-21,6.7,6.51
Q2,1994-06-28,6.05,6.472857142857142
Q2,1994-06-30,4.94,6.472857142857142
Q2,1994-07-05,6.26,5.54
Q2,1994-07-12,NA,5.298571428571428
Q2,1994-07-19,4.97,5.298571428571428
Q2,1994-07-26,NA,5.0649999999999995
Q2,1994-08-02,2.4,4.85
Q2,1994-08-09,5.77,4.38
Q2,1994-08-16,NA,4.38
Q2,1994-08-23,NA,3.913333333333333
Q2,1994-08-30,NA,3.913333333333333
Q2,1994-09-06,NA,4.67
Q2,1994-09-13,NA,3.57
Q2,1994-09-20,3.57,3.57
Q2,1994-09-27,NA,4.325
Q2,1994-10-04,NA,4.325
Q2,1994-10-11,NA,4.096666666666667
Q2,1994-10-18,NA,4.215
Q2,1994-10-25,5.08,4.5125
Q2,1994-11-01,NA,4.572
Q2,1994-11-08,3.64,4.678333333333334
Q2,1994-11-15,4.57,4.837142857142857
Q2,1994-11-22,4.76,5.22875
Q2,1994-11-29,4.81,5.3075
Q2,1994-12-06,5.21,5.3075
Q2,1994-12-13,5.79,5.545714285714285
Q2,1994-12-20,7.97,5.708333333333333
Q2,1994-12-27,5.71,5.898
Q3,1988-01-05,3.7,3.329090909090909
Q3,1988-01-12,3.6,3.2775
Q3,1988-01-19,3.65,3.3207692307692307
Q3,1988-01-26,4.17,3.3585714285714285
Q3,1988-01-29,3.19,3.3585714285714285
Q3,1988-01-29,3.11,3.3585714285714285
Q3,1988-01-29,3.03,3.3585714285714285
Q3,1988-01-29,2.93,3.3585714285714285
Q3,1988-01-29,NA,3.3585714285714285
Q3,1988-01-29,NA,3.3585714285714285
Q3,1988-01-29,3.2,3.3585714285714285
Q3,1988-02-02,2.93,3.3953333333333333
Q3,1988-02-02,3.11,3.3953333333333333
Q3,1988-02-03,NA,3.3953333333333333
Q3,1988-02-04,NA,3.3953333333333333
Q3,1988-02-09,2.71,3.356
Q3,1988-02-10,NA,3.356
Q3,1988-02-16,3.84,3.3646666666666665
Q3,1988-02-23,3.85,3.3753333333333333
Q3,1988-03-01,3.91,3.349
Q3,1988-03-08,3.11,3.462222222222222
Q3,1988-03-15,3.73,3.5733333333333333
Q3,1988-03-23,3.81,3.497777777777778
Q3,1988-03-29,2.49,3.4922222222222223
Q3,1988-04-05,3.71,3.4766666666666666
Q3,1988-04-12,3.71,3.443
Q3,1988-04-19,3.16,3.174
Q3,1988-04-26,3.8,2.908
Q3,1988-05-03,3.77,2.9290000000000003
Q3,1988-05-10,3.84,2.8810000000000002
Q3,1988-05-10,2.41,2.8810000000000002
Q3,1988-05-10,NA,2.8810000000000002
Q3,1988-05-10,NA,2.8810000000000002
Q3,1988-05-10,NA,2.8810000000000002
Q3,1988-05-17,1.04,2.834
Q3,1988-05-24,1.15,2.774
Q3,1988-05-31,2.7,2.692
Q3,1988-06-07,3.23,2.613
Q3,1988-06-14,3.24,2.5366666666666666
Q3,1988-06-21,2.56,2.727
Q3,1988-06-28,2.98,2.857
Q3,1988-07-05,2.98,2.906
Q3,1988-07-12,2.95,2.896
Q3,1988-07-19,2.72,2.887
Q3,1988-07-22,2.76,2.887
Q3,1988-07-26,2.45,2.6492857142857145
Q3,1988-07-26,NA,2.6492857142857145
Q3,1988-08-02,3.19,2.66
Q3,1988-08-09,3.13,2.710714285714286
Q3,1988-08-16,3.15,2.697857142857143
Q3,1988-08-23,3.31,2.76
Q3,1988-08-24,NA,2.76
Q3,1988-08-24,2.09,2.76
Q3,1988-08-24,1.99,2.76
Q3,1988-08-24,0.91,2.76
Q3,1988-08-24,2.48,2.76
Q3,1988-08-30,3.13,2.8215384615384616
Q3,1988-09-06,3.69,2.7830769230769232
Q3,1988-09-13,2.77,2.786153846153846
Q3,1988-09-20,3.59,2.7558333333333334
Q3,1988-09-27,3.25,3.2225
Q3,1988-10-04,2.69,3.3
Q3,1988-10-11,3.17,3.33125
Q3,1988-10-18,NA,3.4387499999999998
Q3,1988-10-25,3.49,3.4171428571428573
Q3,1988-11-01,3.75,3.4971428571428573
Q3,1988-11-07,3.94,3.6671428571428573
Q3,1988-11-15,3.63,3.7885714285714287
Q3,1988-11-22,NA,3.8125
Q3,1988-11-29,3.81,3.8449999999999998
Q3,1988-12-06,3.88,3.8762499999999998
Q3,1988-12-13,4.02,3.815
Q3,1988-12-20,3.98,3.84
Q3,1988-12-27,3.75,3.862222222222222
Q3,1989-01-03,4,3.8766666666666665
Q3,1989-01-10,3.45,3.888888888888889
Q3,1989-01-17,3.83,3.87
Q3,1989-01-24,4.04,3.8355555555555556
Q3,1989-01-31,3.94,3.801111111111111
Q3,1989-02-07,3.99,3.79
Q3,1989-02-14,3.85,3.801111111111111
Q3,1989-02-21,3.67,3.7544444444444443
Q3,1989-02-28,3.44,3.6855555555555557
Q3,1989-03-07,3.9,3.6666666666666665
Q3,1989-03-09,NA,3.6666666666666665
Q3,1989-03-14,3.55,3.6255555555555556
Q3,1989-03-21,3.41,3.668888888888889
Q3,1989-03-28,3.42,3.7399999999999998
Q3,1989-04-04,3.77,3.8533333333333335
Q3,1989-04-11,3.62,3.8377777777777777
Q3,1989-04-18,4.24,3.9033333333333333
Q3,1989-04-25,4.31,3.9988888888888887
Q3,1989-05-02,4.46,4.073333333333333
Q3,1989-05-09,3.76,4.101111111111111
Q3,1989-05-16,4.14,4.188888888888889
Q3,1989-05-23,4.27,4.1755555555555555
Q3,1989-05-30,4.09,4.111111111111111
Q3,1989-06-06,4.02,3.761111111111111
Q3,1989-06-13,4.41,3.7755555555555556
Q3,1989-06-20,4.12,3.7533333333333334
Q3,1989-06-27,3.73,3.701111111111111
Q3,1989-07-05,1.31,3.6622222222222223
Q3,1989-07-11,3.89,3.6822222222222223
Q3,1989-07-18,3.94,3.6277777777777778
Q3,1989-07-26,3.8,3.4266666666666667
Q3,1989-08-01,3.74,3.387777777777778
Q3,1989-08-08,4.2,3.6944444444444446
Q3,1989-08-15,3.92,3.6833333333333336
Q3,1989-08-22,2.31,3.6166666666666667
Q3,1989-08-29,3.38,3.3970000000000002
Q3,1989-09-05,4.07,3.412
Q3,1989-09-12,3.79,3.387
Q3,1989-09-20,NA,3.4290000000000003
Q3,1989-09-22,3.34,3.4290000000000003
Q3,1989-09-26,3.72,3.638
Q3,1989-09-26,1.5,3.638
Q3,1989-10-03,3.89,3.761
Q3,1989-10-05,NA,3.761
Q3,1989-10-10,3.95,3.7454545454545456
Q3,1989-10-17,4.34,3.559090909090909
Q3,1989-10-24,4.4,3.6163636363636367
Q3,1989-10-31,4.61,3.9450000000000003
Q3,1989-11-07,4.33,4.057
Q3,1989-11-08,3.33,4.057
Q3,1989-11-14,1.74,4.1770000000000005
Q3,1989-11-21,3.97,4.2700000000000005
Q3,1989-11-28,4.89,4.354
Q3,1989-12-05,5.01,4.404
Q3,1989-12-12,5.15,4.62
Q3,1989-12-19,5.27,5.018888888888889
Q3,1989-12-26,5.24,5.1433333333333335
Q3,1990-01-02,5.11,5.185555555555555
Q3,1990-01-09,5.2,5.202222222222222
Q3,1990-01-16,5.33,5.2
Q3,1990-01-23,5.09,5.1722222222222225
Q3,1990-01-30,5.27,5.15
Q3,1990-02-06,5.16,5.167777777777777
Q3,1990-02-13,5.13,4.963333333333333
Q3,1990-02-20,5.02,4.886666666666667
Q3,1990-02-27,5.04,4.81
Q3,1990-03-06,5.27,4.773333333333333
Q3,1990-03-13,3.36,4.767777777777778
Q3,1990-03-20,4.64,4.767777777777778
Q3,1990-03-27,4.4,3.7192307692307693
Q3,1990-04-03,4.94,3.683076923076923
Q3,1990-04-10,5.11,3.593571428571429
Q3,1990-04-17,5.13,3.680714285714286
Q3,1990-04-24,5.19,3.692142857142857
Q3,1990-04-25,0.6,3.692142857142857
Q3,1990-04-25,0.88,3.692142857142857
Q3,1990-04-25,0.71,3.692142857142857
Q3,1990-04-26,3.08,3.692142857142857
Q3,1990-05-01,4.57,3.6885714285714286
Q3,1990-05-08,4.86,3.6792857142857143
Q3,1990-05-10,2.84,3.6792857142857143
Q3,1990-05-15,4.58,3.6542857142857144
Q3,1990-05-22,4.8,3.611428571428571
Q3,1990-05-29,4.35,4.391
Q3,1990-06-05,4.81,4.443
Q3,1990-06-12,4.76,4.641111111111111
Q3,1990-06-19,4.53,4.721111111111111
Q3,1990-06-26,3.81,4.507777777777777
Q3,1990-07-03,5.09,4.614444444444445
Q3,1990-07-10,5.04,4.724444444444444
Q3,1990-07-17,5.3,5.166666666666667
Q3,1990-07-24,2.88,5.225555555555555
Q3,1990-07-31,5.31,5.384444444444444
Q3,1990-08-07,5.8,5.423333333333333
Q3,1990-08-14,8.74,5.452222222222222
Q3,1990-08-21,5.06,5.44
Q3,1990-08-28,5.24,5.71
Q3,1990-09-04,5.44,5.593333333333334
Q3,1990-09-11,5.3,5.484444444444445
Q3,1990-09-18,5.19,5.666666666666667
Q3,1990-09-25,5.31,5.5777777777777775
Q3,1990-10-02,4.26,5.466666666666667
Q3,1990-10-09,4.82,5.295555555555556
Q3,1990-10-16,10.38,5.217777777777778
Q3,1990-10-23,4.26,5.176666666666667
Q3,1990-10-30,4.24,5.098888888888889
Q3,1990-11-06,3.9,5.102
Q3,1990-11-13,4.6,4.911818181818182
Q3,1990-11-20,4.82,4.41
Q3,1990-11-27,4.61,4.4781818181818185
Q3,1990-12-04,2.58,4.39
Q3,1990-12-04,6.81,4.39
Q3,1990-12-11,5.07,4.458181818181818
Q3,1990-12-14,2.76,4.458181818181818
Q3,1990-12-18,4.86,4.446363636363636
Q3,1990-12-25,5.01,4.439090909090909
Q3,1990-12-31,3.27,4.693636363636363
Q3,1991-01-08,4.65,4.6770000000000005
Q3,1991-01-15,4.47,4.93
Q3,1991-01-22,4.74,4.842222222222222
Q3,1991-01-29,7.41,4.7844444444444445
Q3,1991-02-05,4.53,4.956666666666667
Q3,1991-02-12,5.43,4.995555555555556
Q3,1991-02-19,4.07,5.0200000000000005
Q3,1991-02-26,4.49,5.0633333333333335
Q3,1991-03-05,4.82,4.802222222222222
Q3,1991-03-12,5,4.828888888888889
Q3,1991-03-19,4.69,4.716666666666667
Q3,1991-03-22,NA,4.716666666666667
Q3,1991-03-26,5.13,4.772222222222222
Q3,1991-04-02,5.06,4.593333333333334
Q3,1991-04-09,4.77,4.4688888888888885
Q3,1991-04-15,4.42,4.322222222222222
Q3,1991-04-23,4.57,4.3677777777777775
Q3,1991-04-30,2.88,4.35
Q3,1991-05-07,3.7,4.214
Q3,1991-05-14,3.68,4.237
Q3,1991-05-21,5.1,4.284
Q3,1991-05-28,5.68,4.189
Q3,1991-05-31,3.64,4.189
Q3,1991-06-01,NA,4.262
Q3,1991-06-04,3.7,4.262
Q3,1991-06-11,5,4.244
Q3,1991-06-18,4.89,4.38
Q3,1991-06-25,3.62,4.376
Q3,1991-07-02,3.61,4.3822222222222225
Q3,1991-07-09,3.52,4.426666666666667
Q3,1991-07-16,5.04,4.447777777777778
Q3,1991-07-23,5.06,4.555555555555555
Q3,1991-07-30,5,4.406
Q3,1991-08-06,4.1,4.51
Q3,1991-08-13,5.19,4.568
Q3,1991-08-20,5.86,4.54
Q3,1991-08-27,5.05,4.635
Q3,1991-08-27,1.63,4.635
Q3,1991-09-03,4.65,4.586
Q3,1991-09-10,4.1,4.66
Q3,1991-09-17,4.76,4.675
Q3,1991-09-24,6.01,4.471
Q3,1991-10-01,4.51,4.859999999999999
Q3,1991-10-08,4.84,4.46
Q3,1991-10-15,5.34,4.45
Q3,1991-10-22,3.82,4.235833333333333
Q3,1991-10-29,5.71,4.045
Q3,1991-11-05,5.8,3.955
Q3,1991-11-07,2.08,3.955
Q3,1991-11-08,2.09,3.955
Q3,1991-11-12,3.99,3.881666666666667
Q3,1991-11-18,4.68,3.7416666666666667
Q3,1991-11-22,1.96,3.8207692307692307
Q3,1991-11-26,3.72,3.8208333333333333
Q3,1991-12-03,3.43,3.9766666666666666
Q3,1991-12-10,3.96,4.2059999999999995
Q3,1991-12-17,3.66,4.259
Q3,1991-12-23,4.77,4.293
Q3,1991-12-30,7.58,4.738888888888889
Q3,1992-01-07,4.31,4.499
Q3,1992-01-14,4.52,4.584
Q3,1992-01-21,5.02,4.877
Q3,1992-01-28,5.4,5.037
Q3,1992-02-04,2.41,4.941
Q3,1992-02-06,3.36,4.941
Q3,1992-02-11,4.81,4.911
Q3,1992-02-18,6.59,5.17
Q3,1992-02-25,6.37,5.371
Q3,1992-03-03,6.62,5.4399999999999995
Q3,1992-03-10,4.01,6.1
Q3,1992-03-17,7.11,6.463333333333333
Q3,1992-03-24,7.03,6.21
Q3,1992-04-01,6.09,6.147777777777778
Q3,1992-04-07,6.27,5.888888888888888
Q3,1992-04-14,8.08,6.003333333333333
Q3,1992-04-21,4.31,5.828888888888889
Q3,1992-04-28,5.81,5.408888888888889
Q3,1992-05-05,4.29,4.972222222222222
Q3,1992-05-12,5.04,4.815555555555555
Q3,1992-05-19,5.54,4.195555555555556
Q3,1992-05-26,3.25,4.054444444444444
Q3,1992-06-02,2.16,3.98
Q3,1992-06-09,4.86,4.107777777777778
Q3,1992-06-16,2.5,4.05
Q3,1992-06-23,3.04,3.986666666666667
Q3,1992-06-30,5.14,4.177777777777778
Q3,1992-07-07,5.44,4.484444444444445
Q3,1992-07-14,4.52,4.263333333333334
Q3,1992-07-21,4.97,4.557777777777778
Q3,1992-07-28,4.97,4.682222222222222
Q3,1992-08-04,4.92,4.384444444444444
Q3,1992-08-11,2.87,4.416666666666667
Q3,1992-08-18,5.15,4.544444444444444
Q3,1992-08-25,4.16,4.444444444444445
Q3,1992-09-01,2.46,4.372222222222223
Q3,1992-09-08,5.73,4.3133333333333335
Q3,1992-09-15,5.67,4.734444444444445
Q3,1992-09-22,4.07,4.717777777777778
Q3,1992-09-29,4.32,4.835555555555556
Q3,1992-10-06,4.39,5.094444444444444
Q3,1992-10-13,6.66,4.793333333333333
Q3,1992-10-20,5,4.623333333333333
Q3,1992-10-27,5.22,4.631111111111111
Q3,1992-11-03,4.79,4.5488888888888885
Q3,1992-11-10,3.02,5.147777777777778
Q3,1992-11-17,4.14,4.86
Q3,1992-11-24,4.14,4.664444444444444
Q3,1992-12-01,3.58,4.528888888888889
Q3,1992-12-08,9.78,4.453333333333333
Q3,1992-12-15,4.07,4.516666666666667
Q3,1992-12-22,NA,4.501111111111111
Q3,1992-12-22,3.24,4.501111111111111
Q3,1992-12-29,4,4.435555555555555
Q3,1993-01-05,4.11,4.488888888888889
Q3,1993-01-12,3.59,3.8555555555555556
Q3,1993-01-19,4,3.8133333333333335
Q3,1993-01-26,3.55,3.9411111111111112
Q3,1993-02-02,4.06,4.0377777777777775
Q3,1993-02-09,4.08,4.104444444444445
Q3,1993-02-16,3.69,4.247777777777777
Q3,1993-02-23,4.39,4.238888888888889
Q3,1993-03-02,4.87,4.3566666666666665
Q3,1993-03-09,4.71,4.522222222222222
Q3,1993-03-16,4.88,4.667777777777777
Q3,1993-03-23,3.92,4.7877777777777775
Q3,1993-03-30,4.61,4.54
Q3,1993-04-06,5.55,4.424444444444444
Q3,1993-04-13,5.39,4.303333333333334
Q3,1993-04-20,4.77,4.1755555555555555
Q3,1993-04-27,2.16,4.165555555555556
Q3,1993-05-04,3.83,4.1433333333333335
Q3,1993-05-11,3.62,3.9675
Q3,1993-05-18,3.73,3.88375
Q3,1993-05-25,3.83,3.72125
Q3,1993-06-01,4.41,4.2162500000000005
Q3,1993-06-08,NA,4.31625
Q3,1993-06-15,4.72,4.40625
Q3,1993-06-15,NA,4.40625
Q3,1993-06-22,3.47,4.48375
Q3,1993-06-29,6.12,4.5112499999999995
Q3,1993-07-06,4.63,4.5737499999999995
Q3,1993-07-13,4.34,4.6066666666666665
Q3,1993-07-20,4.35,4.791111111111111
Q3,1993-07-27,4.05,4.943333333333333
Q3,1993-08-03,4.91,4.708888888888889
Q3,1993-08-10,4.87,4.687777777777778
Q3,1993-08-17,6.38,4.811111111111111
Q3,1993-08-24,4.84,4.848888888888889
Q3,1993-08-31,4.01,4.842222222222222
Q3,1993-09-07,4.44,4.774444444444445
Q3,1993-09-14,5.45,4.736666666666666
Q3,1993-09-21,4.69,4.437777777777778
Q3,1993-09-28,3.99,4.377777777777778
Q3,1993-10-05,4.3,4.5
Q3,1993-10-13,4.53,4.526666666666666
Q3,1993-10-19,3.69,4.335555555555556
Q3,1993-10-26,4.3,4.387777777777778
Q3,1993-11-02,5.11,4.331111111111111
Q3,1993-11-09,4.68,4.388888888888889
Q3,1993-11-16,3.73,4.5344444444444445
Q3,1993-11-23,5.16,4.55
Q3,1993-11-30,3.48,4.448888888888889
Q3,1993-12-07,4.82,4.338888888888889
Q3,1993-12-14,5.84,4.225555555555555
Q3,1993-12-21,3.83,4.2877777777777775
Q3,1993-12-28,3.39,4.245555555555556
Q3,1994-01-04,4.12,4.316666666666666
Q3,1994-01-11,3.66,4.25
Q3,1994-01-18,4.29,4.054444444444444
Q3,1994-01-25,4.78,3.9722222222222223
Q3,1994-02-01,4.12,4.126666666666667
Q3,1994-02-08,4.22,4.2122222222222225
Q3,1994-02-15,4.08,4.366666666666666
Q3,1994-02-22,3.09,4.514444444444444
Q3,1994-03-01,4.78,4.621111111111111
Q3,1994-03-08,4.89,4.794444444444444
Q3,1994-03-15,5.05,4.845555555555555
Q3,1994-03-22,5.62,4.912222222222222
Q3,1994-03-29,5.74,5.181111111111111
Q3,1994-04-05,5.68,5.302222222222222
Q3,1994-04-12,4.68,5.197777777777778
Q3,1994-04-19,4.68,5.066666666666666
Q3,1994-04-26,5.51,5.017777777777778
Q3,1994-05-03,5.87,5.131111111111111
Q3,1994-05-10,3.95,5.105555555555555
Q3,1994-05-17,3.87,5.2011111111111115
Q3,1994-05-24,5.18,5.291111111111111
Q3,1994-05-31,6.76,5.02
Q3,1994-06-07,5.45,5.003
Q3,1994-06-14,5.54,5.155
Q3,1994-06-21,5.49,5.294
Q3,1994-06-28,5.08,5.271
Q3,1994-06-30,3.01,5.271
Q3,1994-07-05,5.7,5.069
Q3,1994-07-12,5.47,5.009
Q3,1994-07-19,5.26,4.959
Q3,1994-07-26,4.95,5
Q3,1994-08-02,4.74,5.221111111111111
Q3,1994-08-09,4.85,5.363333333333333
Q3,1994-08-16,5.04,5.338888888888889
Q3,1994-08-23,5.9,4.98
Q3,1994-08-30,5.08,5.023333333333333
Q3,1994-09-06,6.98,5.13
Q3,1994-09-13,5.25,5.05
Q3,1994-09-20,2.03,5.065555555555555
Q3,1994-09-27,5.34,4.845555555555555
Q3,1994-10-04,5.7,4.86
Q3,1994-10-11,4.13,4.437777777777778
Q3,1994-10-18,5.18,4.337777777777777
Q3,1994-10-25,3.92,4.561111111111111
Q3,1994-11-01,5.21,4.41
Q3,1994-11-08,3.18,4.238888888888889
Q3,1994-11-15,4.35,4.2877777777777775
Q3,1994-11-22,4.04,4.308888888888889
Q3,1994-11-29,3.98,4.412222222222222
Q3,1994-12-06,4.16,4.3125
Q3,1994-12-13,4.57,4.474285714285714
Q3,1994-12-20,5.37,4.495
Q3,1994-12-27,4.85,4.586
MPR,1989-05-16,6.15,6.354
MPR,1989-05-23,7.17,6.568333333333333
MPR,1989-05-30,5.19,6.748571428571428
MPR,1989-06-06,6.6,6.30125
MPR,1989-06-13,6.66,6.483333333333333
MPR,1989-06-20,7.64,6.525
MPR,1989-06-27,7.83,6.4975000000000005
MPR,1989-07-05,3.17,6.73375
MPR,1989-07-11,7.94,6.83375
MPR,1989-07-26,6.95,6.6
MPR,1989-08-01,7.08,6.15875
MPR,1989-08-08,7.4,6.585714285714285
MPR,1989-08-15,7.43,6.252857142857143
MPR,1989-08-22,5,6.252857142857143
MPR,1989-08-29,4.3,6.136666666666667
MPR,1989-09-12,5.61,5.74
MPR,1989-10-03,4.16,6.475
MPR,1989-10-10,7.94,6.5600000000000005
MPR,1989-10-24,8.19,6.906
MPR,1989-11-07,6.9,8.528333333333334
MPR,1989-11-14,7.34,7.891666666666667
MPR,1989-11-21,NA,7.891666666666667
MPR,1989-11-28,10.08,8.496666666666666
MPR,1989-12-05,10.72,8.175714285714285
MPR,1989-12-12,4.12,8.735714285714286
MPR,1989-12-19,NA,9.21857142857143
MPR,1989-12-26,11.82,9.15375
MPR,1990-01-02,6.25,9.0525
MPR,1990-01-09,10.82,9.08125
MPR,1990-01-16,10.72,9.74
MPR,1990-01-23,8.7,9.663333333333334
MPR,1990-01-30,9.27,9.39375
MPR,1990-02-06,10.95,9.86125
MPR,1990-02-13,9.39,8.98875
MPR,1990-02-20,9.05,8.71
MPR,1990-02-27,NA,8.305
MPR,1990-03-06,9.99,8.18625
MPR,1990-03-13,3.84,8.12375
MPR,1990-03-20,8.49,8.08375
MPR,1990-03-27,5.46,8.2625
MPR,1990-04-03,8.32,8.338888888888889
MPR,1990-04-10,10.45,8.394444444444444
MPR,1990-04-17,9.07,8.891111111111112
MPR,1990-04-24,10.48,9.083333333333334
MPR,1990-05-01,8.95,9.503333333333334
MPR,1990-05-08,10.49,9.551111111111112
MPR,1990-05-15,8.31,9.3966666666666665
MPR,1990-05-22,10.22,9.324444444444445
MPR,1990-05-29,9.24,8.854444444444445
MPR,1990-06-05,8.75,8.975555555555555
MPR,1990-06-12,9.06,8.913333333333334
MPR,1990-06-19,8.42,8.998888888888889
MPR,1990-06-26,6.25,8.342222222222222
MPR,1990-07-03,10.04,8.523333333333333
MPR,1990-07-10,9.93,8.823333333333332
MPR,1990-07-17,9.08,8.57
MPR,1990-07-24,4.31,8.762222222222222
MPR,1990-07-31,10.87,9.19111111111111
MPR,1990-08-07,11.45,9.076666666666666
MPR,1990-08-14,6.78,9.086666666666666
MPR,1990-08-21,10.15,9.01
MPR,1990-08-28,10.11,9.635555555555555
MPR,1990-09-04,9.01,9.421111111111111
MPR,1990-09-11,10.02,9.071111111111112
MPR,1990-09-18,8.39,9.212222222222222
MPR,1990-09-25,9.94,8.973333333333333
MPR,1990-10-02,8.94,8.337777777777777
MPR,1990-10-09,8.3,8.11
MPR,1990-10-16,8.05,7.933333333333334
MPR,1990-10-23,8,8.05111111111111
MPR,1990-10-30,4.39,7.89
MPR,1990-11-06,6.96,6.92
MPR,1990-11-13,8.43,7.078888888888889
MPR,1990-11-20,9.45,7.238888888888889
MPR,1990-11-27,8.49,7.511111111111111
MPR,1990-12-04,0.21,7.547777777777777
MPR,1990-12-11,9.73,7.78
MPR,1990-12-18,9.49,7.7877777777777775
MPR,1990-12-25,10.45,7.295555555555556
MPR,1990-12-31,4.72,6.934444444444445
MPR,1991-01-08,9.05,7.6322222222222225
MPR,1991-01-15,8.5,7.608888888888889
MPR,1991-01-22,5.02,7.18
MPR,1991-01-29,5.24,6.872222222222222
MPR,1991-02-05,6.49,7.308888888888889
MPR,1991-02-12,9.52,7.403333333333333
MPR,1991-02-19,5.63,7.225555555555555
MPR,1991-02-26,7.68,7.50125
MPR,1991-03-05,8.65,7.41875
MPR,1991-03-12,9.9,7.551428571428572
MPR,1991-03-19,6.9,6.807142857142857
MPR,1991-03-26,NA,6.574285714285715
MPR,1991-04-02,4.58,6.0928571428571425
MPR,1991-04-15,4.31,4.887142857142857
MPR,1991-04-23,4,4.551666666666667
MPR,1991-04-30,4.31,4.551666666666667
MPR,1991-05-07,5.02,4.635
MPR,1991-05-14,5.09,4.635
MPR,1991-05-21,NA,4.7
MPR,1991-05-28,NA,4.928
MPR,1991-06-04,5.08,5.128
MPR,1991-06-11,NA,5.136
MPR,1991-06-18,NA,5.034
MPR,1991-06-25,5.14,4.958333333333333
MPR,1991-07-02,5.31,4.8585714285714285
MPR,1991-07-09,5.06,5.595714285714285
MPR,1991-07-16,4.58,6.26
MPR,1991-07-23,4.58,6.807777777777777
MPR,1991-07-30,4.26,7.207777777777777
MPR,1991-08-06,10.24,7.501111111111111
MPR,1991-08-13,10.91,8.184444444444445
MPR,1991-08-20,11.19,8.598888888888888
MPR,1991-08-27,8.74,9.314444444444444
MPR,1991-09-03,7.95,9.527777777777779
MPR,1991-09-10,11.21,9.283333333333333
MPR,1991-09-17,8.31,8.877777777777778
MPR,1991-09-24,11.02,8.448888888888888
MPR,1991-10-01,6.18,8.4125
MPR,1991-10-08,8.04,7.61
MPR,1991-10-15,7.26,7.0962499999999995
MPR,1991-10-22,7.33,7.154999999999999
MPR,1991-10-29,NA,6.6175
MPR,1991-11-05,1.53,6.654999999999999
MPR,1991-11-12,7.1,6.5337499999999995
MPR,1991-11-18,8.78,5.67
MPR,1991-11-26,6.72,5.95
MPR,1991-12-03,6.48,6.414444444444444
MPR,1991-12-10,7.07,6.985555555555556
MPR,1991-12-17,0.35,7.097777777777778
MPR,1991-12-23,9.57,7.178888888888889
MPR,1991-12-30,10.13,7.438888888888889
MPR,1992-01-07,6.67,7.7411111111111115
MPR,1992-01-14,8.11,8.153333333333332
MPR,1992-01-21,9.51,9.377777777777778
MPR,1992-01-28,9.06,10.015555555555556
MPR,1992-02-04,9.2,10.646666666666667
MPR,1992-02-11,10.78,11.133333333333333
MPR,1992-02-18,11.37,11.153333333333332
MPR,1992-02-25,15.31,10.386666666666667
MPR,1992-03-03,15.81,10.328888888888889
MPR,1992-03-10,11.05,9.848888888888888
MPR,1992-03-17,8.29,9.7325
MPR,1992-03-24,2.61,9.365
MPR,1992-04-01,8.54,8.68875
MPR,1992-04-07,4.88,7.734999999999999
MPR,1992-04-14,NA,7.3774999999999995
MPR,1992-04-21,8.43,7.512499999999999
MPR,1992-04-28,9.9,7.913749999999999
MPR,1992-05-05,8.18,7.28
MPR,1992-05-12,8.19,7.74125
MPR,1992-05-19,9.37,7.38
MPR,1992-05-26,5.82,7.101111111111111
MPR,1992-06-02,3.47,7.138888888888889
MPR,1992-06-09,8.57,7.36
MPR,1992-06-16,4.49,7.561111111111111
MPR,1992-06-23,5.92,7.321111111111112
MPR,1992-06-30,10.24,7.605555555555556
MPR,1992-07-07,10.17,8.156666666666666
MPR,1992-07-14,10,7.65
MPR,1992-07-21,7.21,8.1466666666666665
MPR,1992-07-28,8.38,8.5
MPR,1992-08-04,8.43,8.653333333333332
MPR,1992-08-11,4.01,8.637777777777778
MPR,1992-08-18,8.96,8.62111111111111
MPR,1992-08-25,9.1,8.593333333333334
MPR,1992-09-01,11.62,8.617777777777778
MPR,1992-09-08,10.03,8.783333333333333
MPR,1992-09-15,9.85,9.58
MPR,1992-09-22,6.96,9.634444444444444
MPR,1992-09-29,8.6,10.154444444444444
MPR,1992-10-06,9.92,9.565555555555555
MPR,1992-10-13,11.18,8.85
MPR,1992-10-20,9.45,8.482222222222221
MPR,1992-10-27,13.78,8.397777777777778
MPR,1992-11-03,6.32,8.262222222222222
MPR,1992-11-10,3.59,8.053333333333333
MPR,1992-11-17,6.54,7.623333333333333
MPR,1992-11-24,6.2,7.395
MPR,1992-12-01,7.38,6.53125
MPR,1992-12-08,8.04,6.685
MPR,1992-12-15,7.31,7.22
MPR,1992-12-22,NA,7.39375
MPR,1992-12-29,6.87,7.592499999999999
MPR,1993-01-05,7.55,7.6274999999999995
MPR,1993-01-12,7.87,7.77375
MPR,1993-01-19,7.93,7.55875
MPR,1993-01-26,7.79,7.552222222222222
MPR,1993-02-02,7.66,7.802222222222222
MPR,1993-02-09,9.21,7.973333333333334
MPR,1993-02-16,5.59,8.046666666666667
MPR,1993-02-23,7.5,8.245555555555555
MPR,1993-03-02,9.12,8.356666666666667
MPR,1993-03-09,9.09,8.618888888888888
MPR,1993-03-16,8.53,8.782222222222222
MPR,1993-03-23,9.72,9.244444444444444
MPR,1993-03-30,8.79,9.314444444444444
MPR,1993-04-06,10.02,9.028888888888888
MPR,1993-04-13,10.68,8.661111111111111
MPR,1993-04-20,9.75,8.606666666666667
MPR,1993-04-27,8.13,8.282222222222222
MPR,1993-05-04,6.55,8.072222222222223
MPR,1993-05-11,5.78,7.963333333333333
MPR,1993-05-18,8.04,7.583333333333333
MPR,1993-05-25,6.8,7.302222222222222
MPR,1993-06-01,6.9,7.9944444444444445
MPR,1993-06-08,9.04,8.234444444444444
MPR,1993-06-15,NA,8.48
MPR,1993-06-15,7.26,8.48
MPR,1993-06-22,7.22,8.527777777777779
MPR,1993-06-29,14.36,8.6
MPR,1993-07-06,8.71,8.884444444444444
MPR,1993-07-13,7.99,8.865
MPR,1993-07-20,8.47,9.17875
MPR,1993-07-27,7.45,9.6325
MPR,1993-08-03,9.46,8.5875
MPR,1993-08-10,NA,8.455
MPR,1993-08-17,9.77,8.77875
MPR,1993-08-24,10.85,8.76375
MPR,1993-08-31,6,8.68
MPR,1993-09-07,7.65,8.4175
MPR,1993-09-14,10.58,8.374444444444444
MPR,1993-09-21,8.35,8.078888888888889
MPR,1993-09-28,6.78,7.654444444444445
MPR,1993-10-05,7.36,8.001111111111111
MPR,1993-10-13,8.03,7.8822222222222225
MPR,1993-10-19,7.11,7.435555555555555
MPR,1993-10-26,7.03,7.585555555555556
MPR,1993-11-02,9.12,7.404444444444445
MPR,1993-11-09,6.58,7.491111111111111
MPR,1993-11-16,6.56,7.707777777777777
MPR,1993-11-23,9.7,7.538888888888889
MPR,1993-11-30,5.15,7.6025
MPR,1993-12-07,8.14,7.39625
MPR,1993-12-14,9.98,6.6
MPR,1993-12-21,5.59,6.67
MPR,1993-12-28,NA,6.56625
MPR,1994-01-04,7.47,6.8625
MPR,1994-01-11,0.21,6.7875
MPR,1994-01-18,7.12,6.5525
MPR,1994-01-25,8.87,6.35375
MPR,1994-02-01,7.52,6.597777777777778
MPR,1994-02-08,7.54,6.863333333333333
MPR,1994-02-15,8.1,8
MPR,1994-02-22,4,8.462222222222222
MPR,1994-03-01,8.55,8.717777777777778
MPR,1994-03-08,9.86,9.238888888888889
MPR,1994-03-15,10.44,9.064444444444444
MPR,1994-03-22,11.28,9.082222222222223
MPR,1994-03-29,11.17,9.84
MPR,1994-04-05,12.21,10.178888888888888
MPR,1994-04-12,5.97,9.652222222222223
MPR,1994-04-19,8.26,9.256666666666666
MPR,1994-04-26,10.82,9.147777777777778
MPR,1994-05-03,11.6,9.177777777777777
MPR,1994-05-10,5.12,8.774444444444445
MPR,1994-05-17,6.88,9.238888888888889
MPR,1994-05-24,10.3,9.436666666666667
MPR,1994-05-31,11.44,9.242222222222223
MPR,1994-06-07,8.58,9.082222222222223
MPR,1994-06-14,10.15,8.848888888888888
MPR,1994-06-21,10.04,8.94111111111111
MPR,1994-06-28,9.07,9.13888888888889
MPR,1994-07-05,10.16,8.89
MPR,1994-07-12,3.02,8.524444444444445
MPR,1994-07-19,7.71,8.644444444444444
MPR,1994-07-26,12.08,8.825555555555555
MPR,1994-08-02,9.2,9.112222222222222
MPR,1994-08-09,5.29,8.907777777777778
MPR,1994-08-16,11.23,9.666666666666666
MPR,1994-08-23,11.67,9.212222222222222
MPR,1994-08-30,11.65,9.04111111111111
MPR,1994-09-06,8.32,9.397777777777778
MPR,1994-09-13,9.85,9.7155555555555555
MPR,1994-09-20,3.62,9.744444444444444
MPR,1994-09-27,10.54,9.213333333333333
MPR,1994-10-04,12.41,9.007777777777777
MPR,1994-10-11,8.15,8.734444444444444
MPR,1994-10-18,11.49,8.686666666666667
MPR,1994-10-25,6.89,8.956666666666667
MPR,1994-11-01,9.8,8.556666666666667
MPR,1994-11-08,5.86,7.890000000000001
MPR,1994-11-15,9.42,7.891111111111111
MPR,1994-11-22,6.05,7.73
MPR,1994-11-29,6.94,7.992222222222222
MPR,1994-12-06,6.41,7.76625
MPR,1994-12-13,8.16,8.038571428571428
MPR,1994-12-20,10.04,7.808333333333334
MPR,1994-12-27,9.25,8.16
